name,odimatch,odiins,odino,odiruns,odihs,odiavg,odibf,odisr,odi100,odi50,odi0,odi4,odi6,odibmatch,odibins,odibbowl,odibruns,odbiw,odibavg,odibeco,odibsr,odib4w,odib5w,t20match,t20ins,t20no,t20runs,t20hs,t20avg,t20bf,t20sr,t20100,t2050,t200,t204,t206,t20bmatch,t20bins,t20over,t20maiden,t20bruns,t20bw,t20bavg,t20beco,t20bsr,t20b4w,t20b5w,testmatch,testins,testno,testrun,tesths,testavg,test100,test50,test0,testbmatch,testbins,testbbowl,testbruns,testbw,testbavg,testbeco,testbsr,test5w,test10w
SR Tendulkar (INDIA),463,452,41,18426,200,44.83,21368,86.23,49,96,20,2016,195,463,270,8054,6850,154,44.48,5.1,52.2,4,2,,,,,,,,,,,,,,,,,,,,,,,,,200,329,33,15921,248,53.78,51,68,14,,,,,,,,,,
V Kohli (INDIA),254,245,39,12169,183,59.07,13061,93.17,43,62,13,1140,125,,,,,,,,,,,95,87,25,3227,94,52.04,2340,137.9,0,29,3,290,91,,,,,,,,,,,,97,164,10,7801,254,50.65,27,27,14,,,,,,,,,,
RT Ponting (AUS/ICC),375,365,39,13704,164,42.03,17046,80.39,30,82,20,1231,162,,,,,,,,,,,,,,,,,,,,,,,,,,,,,,,,,,,,,,,,,,,,,,,,,,,,,
RG Sharma (INDIA),227,220,32,9205,264,48.96,10354,88.9,29,43,13,832,244,,,,,,,,,,,119,111,15,3197,118,33.3,2279,140.28,4,26,7,284,150,,,,,,,,,,,,,,,,,,,,,,,,,,,,,,
ST Jayasuriya (Asia/SL),445,433,18,13430,189,32.36,14725,91.2,28,68,34,1500,270,445,368,14874,11871,323,36.75,4.78,46,8,4,,,,,,,,,,,,,,,,,,,,,,,,,,,,,,,,,,,,,,,,,,,
HM Amla (SA),181,178,14,8113,159,49.46,9178,88.39,27,39,4,822,53,,,,,,,,,,,,,,,,,,,,,,,,,,,,,,,,,,,124,215,16,9282,311,46.64,28,41,13,,,,,,,,,,
AB de Villiers (Afr/SA),228,218,39,9577,176,53.5,9473,101.09,25,53,7,840,204,,,,,,,,,,,,,,,,,,,,,,,,,,,,,,,,,,,,,,,,,,,,,,,,,,,,,
CH Gayle (ICC/WI),301,294,17,10480,215,37.83,12019,87.19,25,54,25,1128,331,301,199,7424,5926,167,35.48,4.78,44.4,3,1,,,,,,,,,,,,,,,,,,,,,,,,,,,,,,,,,,,,,,,,,,,
KC Sangakkara (Asia/ICC/SL),404,380,41,14234,169,41.98,18048,78.86,25,93,15,1385,88,,,,,,,,,,,,,,,,,,,,,,,,,,,,,,,,,,,,,,,,,,,,,,,,,,,,,
SC Ganguly (Asia/INDIA),311,300,23,11363,183,41.02,15416,73.7,22,72,16,1122,190,,,,,,,,,,,,,,,,,,,,,,,,,,,,,,,,,,,,,,,,,,,,,,,,,,,,,
TM Dilshan (SL),330,303,41,10290,161,39.27,11933,86.23,22,47,11,1111,55,,,,,,,,,,,80,79,12,1889,104,28.19,1567,120.54,1,13,10,223,33,,,,,,,,,,,,87,145,11,5492,193,40.98,16,23,14,,,,,,,,,,
LRPL Taylor (NZ),233,217,39,8581,181,48.2,10287,83.41,21,51,9,712,146,,,,,,,,,,,102,94,21,1909,63,26.15,1560,122.37,0,7,6,121,71,,,,,,,,,,,,110,193,24,7584,290,44.87,19,35,14,,,,,,,,,,
HH Gibbs (SA),248,240,16,8094,175,36.13,9721,83.26,21,37,22,930,128,,,,,,,,,,,,,,,,,,,,,,,,,,,,,,,,,,,90,154,7,6167,228,41.95,14,26,11,,,,,,,,,,
Saeed Anwar (PAK),247,244,19,8824,194,39.21,10938,80.67,20,43,15,938,97,,,,,,,,,,,,,,,,,,,,,,,,,,,,,,,,,,,,,,,,,,,,,,,,,,,,,
BC Lara (ICC/WI),299,289,32,10405,169,40.48,13086,79.51,19,63,16,1042,133,,,,,,,,,,,,,,,,,,,,,,,,,,,,,,,,,,,131,232,6,11953,400,52.88,34,48,17,,,,,,,,,,
DPMD Jayawardene (Asia/SL),448,418,39,12650,144,33.37,16020,78.96,19,77,28,1119,76,,,,,,,,,,,,,,,,,,,,,,,,,,,,,,,,,,,,,,,,,,,,,,,,,,,,,
DA Warner (AUS),128,126,6,5455,179,45.45,5710,95.53,18,23,2,571,85,,,,,,,,,,,88,88,10,2554,100,32.74,1818,140.48,1,21,6,250,99,,,,,,,,,,,,88,161,7,7500,335,48.7,24,32,9,,,,,,,,,,
ME Waugh (AUS),244,236,20,8500,173,39.35,11053,76.9,18,50,16,651,57,,,,,,,,,,,,,,,,,,,,,,,,,,,,,,,,,,,128,209,17,8029,153,41.81,20,47,19,,,,,,,,,,
AJ Finch (AUS),132,128,3,5232,153,41.85,5917,88.42,17,29,11,518,126,,,,,,,,,,,83,83,10,2608,172,35.72,1762,148.01,2,15,7,261,113,,,,,,,,,,,,,,,,,,,,,,,,,,,,,,
S Dhawan (INDIA),145,142,8,6105,143,45.55,6509,93.79,17,33,5,763,72,,,,,,,,,,,68,66,3,1759,92,27.92,1392,126.36,0,11,2,191,50,,,,,,,,,,,,,,,,,,,,,,,,,,,,,,
DL Haynes (WI),238,237,28,8648,152,41.37,13707,63.09,17,57,13,768+,53+,,,,,,,,,,,,,,,,,,,,,,,,,,,,,,,,,,,116,202,25,7487,184,42.29,18,39,10,,,,,,,,,,
JH Kallis (Afr/ICC/SA),328,314,53,11579,139,44.36,15885,72.89,17,86,17,911,137,328,283,10750,8680,273,31.79,4.84,39.3,2,2,,,,,,,,,,,,,,,,,,,,,,,,,,,,,,,,,,,,,,,,,,,
Q de Kock (SA),124,124,6,5355,178,45.38,5609,95.47,16,26,4,614,81,,,,,,,,,,,61,61,7,1827,79,33.83,1353,135.03,0,11,3,189,65,,,,,,,,,,,,,,,,,,,,,,,,,,,,,,
JE Root (ENG),152,142,23,6109,133,51.33,7034,86.84,16,35,5,491,44,,,,,,,,,,,32,30,5,893,90,35.72,707,126.3,0,5,2,92,16,,,,,,,,,,,,111,202,15,9367,254,50.09,23,51,9,,,,,,,,,,
MJ Guptill (NZ),186,183,19,6927,237,42.23,7896,87.72,16,37,15,702,181,,,,,,,,,,,112,108,7,3299,105,32.66,2413,136.71,2,20,3,287,165,,,,,,,,,,,,,,,,,,,,,,,,,,,,,,
NJ Astle (NZ),223,217,14,7090,145,34.92,9760,72.64,16,41,19,720,86,,,,,,,,,,,,,,,,,,,,,,,,,,,,,,,,,,,,,,,,,,,,,,,,,,,,,
AC Gilchrist (AUS/ICC),287,279,11,9619,172,35.89,9922,96.94,16,55,19,1162,149,,,,,,,,,,,,,,,,,,,,,,,,,,,,,,,,,,,,,,,,,,,,,,,,,,,,,
WU Tharanga (Asia/SL),235,223,17,6951,174,33.74,9155,75.92,15,37,17,798,52,,,,,,,,,,,,,,,,,,,,,,,,,,,,,,,,,,,,,,,,,,,,,,,,,,,,,
V Sehwag (Asia/ICC/INDIA),251,245,9,8273,219,35.05,7929,104.33,15,38,14,1132,136,,,,,,,,,,,,,,,,,,,,,,,,,,,,,,,,,,,,,,,,,,,,,,,,,,,,,
Mohammad Yousuf (Asia/PAK),288,273,40,9720,141,41.71,12942,75.1,15,64,15,785,90,,,,,,,,,,,,,,,,,,,,,,,,,,,,,,,,,,,,,,,,,,,,,,,,,,,,,
Babar Azam (PAK),83,81,11,3985,158,56.92,4449,89.57,14,17,3,360,41,,,,,,,,,,,73,68,10,2620,122,45.17,2029,129.12,1,25,3,272,40,,,,,,,,,,,,,,,,,,,,,,,,,,,,,,
Tamim Iqbal (BAN),219,217,9,7666,158,36.85,9753,78.6,14,51,19,831,98,,,,,,,,,,,,,,,,,,,,,,,,,,,,,,,,,,,,,,,,,,,,,,,,,,,,,
EJG Morgan (ENG/IRE),246,228,34,7701,148,39.69,8439,91.25,14,47,16,654,220,,,,,,,,,,,,,,,,,,,,,,,,,,,,,,,,,,,,,,,,,,,,,,,,,,,,,
Yuvraj Singh (Asia/INDIA),304,278,40,8701,150,36.55,9924,87.67,14,52,18,908,155,,,,,,,,,,,,,,,,,,,,,,,,,,,,,,,,,,,,,,,,,,,,,,,,,,,,,
KS Williamson (NZ),151,144,14,6173,148,47.48,7551,81.75,13,39,5,563,49,,,,,,,,,,,74,72,10,2021,95,32.59,1630,123.98,0,14,4,202,46,,,,,,,,,,,,86,150,14,7272,251,53.47,24,33,9,,,,,,,,,,
G Kirsten (SA),185,185,19,6798,188,40.95,9436,72.04,13,45,11,659,20,,,,,,,,,,,,,,,,,,,,,,,,,,,,,,,,,,,101,176,15,7289,275,45.27,21,34,13,,,,,,,,,,
ME Trescothick (ENG),123,122,6,4335,137,37.37,5087,85.21,12,21,13,528,41,,,,,,,,,,,,,,,,,,,,,,,,,,,,,,,,,,,76,143,10,5825,219,43.79,14,29,12,,,,,,,,,,
PR Stirling (IRE),134,131,3,4982,177,38.92,5787,86.08,12,26,10,533,112,,,,,,,,,,,92,91,8,2570,115,30.96,1889,136.05,1,19,9,295,89,,,,,,,,,,,,,,,,,,,,,,,,,,,,,,
F du Plessis (SA),143,136,20,5507,185,47.47,6215,88.6,12,35,3,495,66,,,,,,,,,,,,,,,,,,,,,,,,,,,,,,,,,,,,,,,,,,,,,,,,,,,,,
R Dravid (Asia/ICC/INDIA),344,318,40,10889,153,39.16,15285,71.23,12,83,13,950,42,,,,,,,,,,,,,,,,,,,,,,,,,,,,,,,,,,,,,,,,,,,,,,,,,,,,,
JM Bairstow (ENG),89,81,8,3498,141,47.91,3331,105.01,11,14,6,391,89,,,,,,,,,,,63,57,12,1190,86,26.44,876,135.84,0,7,5,111,49,,,,,,,,,,,,,,,,,,,,,,,,,,,,,,
SPD Smith (AUS),128,113,12,4378,164,43.34,4947,88.49,11,25,5,377,42,,,,,,,,,,,52,41,9,863,90,26.96,684,126.16,0,4,1,71,21,,,,,,,,,,,,79,141,18,7625,239,61.99,27,32,5,,,,,,,,,,
CG Greenidge (WI),128,127,13,5134,133,45.03,7908,64.92,11,31,3,470+,81+,,,,,,,,,,,,,,,,,,,,,,,,,,,,,,,,,,,108,185,16,7558,226,44.72,19,34,11,,,,,,,,,,
WTS Porterfield (IRE),145,142,3,4317,139,31.05,6259,68.97,11,20,10,452,31,,,,,,,,,,,61,59,6,1079,72,20.35,971,111.12,0,3,5,120,23,,,,,,,,,,,,,,,,,,,,,,,,,,,,,,
G Gambhir (INDIA),147,143,11,5238,150,39.68,6144,85.25,11,34,11,561,17,,,,,,,,,,,37,36,2,932,75,27.41,783,119.02,0,7,2,109,10,,,,,,,,,,,,,,,,,,,,,,,,,,,,,,
IVA Richards (WI),187,167,24,6721,189,47,7451,90.2,11,45,7,600+,126+,,,,,,,,,,,,,,,,,,,,,,,,,,,,,,,,,,,121,182,12,8540,291,50.23,24,45,10,,,,,,,,,,
BRM Taylor (ZIM),205,203,15,6684,145,35.55,8721,76.64,11,39,15,599,106,,,,,,,,,,,45,45,6,934,75,23.94,790,118.22,0,6,5,93,24,,,,,,,,,,,,,,,,,,,,,,,,,,,,,,
Mohammad Hafeez (PAK),218,216,15,6614,140,32.9,8633,76.61,11,38,19,664,110,,,,,,,,,,,119,108,13,2514,99,26.46,2060,122.03,0,14,7,251,76,119,79,210.1,3,1388,61,22.75,6.6,20.6,1,0,,,,,,,,,,,,,,,,,,,
S Chanderpaul (WI),268,251,40,8778,150,41.6,12408,70.74,11,59,6,722,85,,,,,,,,,,,,,,,,,,,,,,,,,,,,,,,,,,,164,280,49,11867,203,51.37,30,66,15,,,,,,,,,,
MS Atapattu (SL),268,259,32,8529,132,37.57,12594,67.72,11,59,13,734,15,,,,,,,,,,,,,,,,,,,,,,,,,,,,,,,,,,,90,156,15,5502,249,39.02,16,17,22,,,,,,,,,,
PA de Silva (SL),308,296,30,9284,145,34.9,11443,81.13,11,64,17,712+,102+,,,,,,,,,,,,,,,,,,,,,,,,,,,,,,,,,,,93,159,11,6361,267,42.97,20,22,7,,,,,,,,,,
SD Hope (WI),83,78,10,3599,170,52.92,4813,74.77,10,19,4,283,52,,,,,,,,,,,,,,,,,,,,,,,,,,,,,,,,,,,,,,,,,,,,,,,,,,,,,
ML Hayden (AUS/ICC),161,155,15,6133,181,43.8,7767,78.96,10,36,9,636,87,,,,,,,,,,,,,,,,,,,,,,,,,,,,,,,,,,,,,,,,,,,,,,,,,,,,,
GC Smith (Afr/SA),197,194,10,6989,141,37.98,8648,80.81,10,47,8,788,44,,,,,,,,,,,,,,,,,,,,,,,,,,,,,,,,,,,,,,,,,,,,,,,,,,,,,
MN Samuels (WI),207,196,26,5606,133,32.97,7463,75.11,10,30,11,526,118,,,,,,,,,,,67,65,10,1611,89,29.29,1386,116.23,0,10,0,144,69,,,,,,,,,,,,,,,,,,,,,,,,,,,,,,
Ijaz Ahmed (PAK),250,232,29,6564,139,32.33,8174,80.3,10,37,14,531+,87+,,,,,,,,,,,,,,,,,,,,,,,,,,,,,,,,,,,,,,,,,,,,,,,,,,,,,
MS Dhoni (Asia/INDIA),350,297,84,10773,183,50.57,12303,87.56,10,73,10,826,229,,,,,,,,,,,,,,,,,,,,,,,,,,,,,,,,,,,,,,,,,,,,,,,,,,,,,
Inzamam-ul-Haq (Asia/PAK),378,350,53,11739,137,39.52,15812,74.24,10,83,20,971,144,,,,,,,,,,,,,,,,,,,,,,,,,,,,,,,,,,,,,,,,,,,,,,,,,,,,,
JJ Roy (ENG),98,93,2,3658,180,40.19,3410,107.27,9,20,9,428,73,,,,,,,,,,,53,53,1,1316,78,25.3,908,144.93,0,7,6,136,59,,,,,,,,,,,,,,,,,,,,,,,,,,,,,,
GR Marsh (AUS),117,115,6,4357,126,39.97,7790,55.93,9,22,4,302,22,,,,,,,,,,,,,,,,,,,,,,,,,,,,,,,,,,,,,,,,,,,,,,,,,,,,,
JC Buttler (ENG),148,123,23,3872,150,38.72,3263,118.66,9,20,13,323,125,,,,,,,,,,,88,80,18,2140,101,34.51,1516,141.16,1,15,4,184,90,,,,,,,,,,,,,,,,,,,,,,,,,,,,,,
KP Pietersen (ENG/ICC),136,125,16,4440,130,40.73,5128,86.58,9,25,7,427,77,,,,,,,,,,,,,,,,,,,,,,,,,,,,,,,,,,,,,,,,,,,,,,,,,,,,,
SR Watson (AUS),190,169,27,5757,185,40.54,6365,90.44,9,33,12,570,131,190,163,6466,5342,168,31.79,4.95,38.4,3,0,58,56,6,1462,124,29.24,1006,145.32,1,10,3,115,83,58,49,155,2,1187,48,24.72,7.65,19.3,1,0,,,,,,,,,,,,,,,,,,,
Ramiz Raja (PAK),198,197,15,5841,119,32.09,9226,63.31,9,31,15,469+,14+,,,,,,,,,,,,,,,,,,,,,,,,,,,,,,,,,,,,,,,,,,,,,,,,,,,,,
Shakib Al Hasan (BAN),215,203,29,6600,134,37.93,8035,82.14,9,49,11,596,43,215,212,11003,8155,277,29.44,4.44,39.7,9,3,94,93,10,1894,84,22.81,1572,120.48,0,9,6,193,38,94,93,347.3,3,2316,117,19.79,6.66,17.8,5,1,,,,,,,,,,59,99,13529,6731,215,31.3,2.98,62.9,18,2
Shoaib Malik (PAK),287,258,40,7534,143,34.55,9199,81.9,9,44,15,603,113,287,217,7958,6192,158,39.18,4.66,50.3,1,0,,,,,,,,,,,,,,,,,,,,,,,,,,,,,,,,,,,,,,,,,,,
CS MacLeod (SCOT),72,70,6,2290,175,35.78,2863,79.98,8,8,9,234,25,,,,,,,,,,,60,57,9,1157,74,24.1,1048,110.4,0,7,7,99,22,,,,,,,,,,,,,,,,,,,,,,,,,,,,,,
Salman Butt (PAK),78,78,4,2725,136,36.82,3572,76.28,8,14,15,343,7,,,,,,,,,,,,,,,,,,,,,,,,,,,,,,,,,,,,,,,,,,,,,,,,,,,,,
GA Gooch (ENG),125,122,6,4290,142,36.98,6932,61.88,8,23,4,407+,15,,,,,,,,,,,,,,,,,,,,,,,,,,,,,,,,,,,118,215,6,8900,333,42.58,20,46,13,,,,,,,,,,
Mushfiqur Rahim (BAN),227,213,36,6581,144,37.18,8325,79.05,8,40,10,517,85,,,,,,,,,,,99,90,16,1465,72,19.79,1270,115.35,0,6,8,122,37,,,,,,,,,,,,,,,,,,,,,,,,,,,,,,
Javed Miandad (PAK),233,218,41,7381,119,41.7,11014,67.01,8,50,8,445+,44+,,,,,,,,,,,,,,,,,,,,,,,,,,,,,,,,,,,124,189,21,8832,280,52.57,23,43,6,,,,,,,,,,
MJ Clarke (AUS),245,223,44,7981,130,44.58,10104,78.98,8,58,10,665,53,,,,,,,,,,,,,,,,,,,,,,,,,,,,,,,,,,,115,198,22,8643,329,49.1,28,27,9,,,,,,,,,,
SP Fleming (ICC/NZ),280,269,21,8037,134,32.4,11242,71.49,8,49,17,823,63,,,,,,,,,,,,,,,,,,,,,,,,,,,,,,,,,,,,,,,,,,,,,,,,,,,,,
Imam-ul-Haq (PAK),46,46,5,2023,151,49.34,2519,80.3,7,10,3,161,16,,,,,,,,,,,,,,,,,,,,,,,,,,,,,,,,,,,,,,,,,,,,,,,,,,,,,
Zaheer Abbas (PAK),62,60,6,2572,123,47.62,3033,84.8,7,13,2,213+,22+,,,,,,,,,,,,,,,,,,,,,,,,,,,,,,,,,,,78,124,11,5062,274,44.79,12,20,10,,,,,,,,,,
SE Marsh (AUS),73,72,4,2773,151,40.77,3406,81.41,7,15,3,247,36,,,,,,,,,,,,,,,,,,,,,,,,,,,,,,,,,,,,,,,,,,,,,,,,,,,,,
A Balbirnie (IRE),84,81,5,2462,145,32.39,3262,75.47,7,12,4,236,30,,,,,,,,,,,57,53,3,1179,83,23.58,951,123.97,0,4,3,134,17,,,,,,,,,,,,,,,,,,,,,,,,,,,,,,
DI Gower (ENG),114,111,8,3170,158,30.77,4218,75.15,7,12,6,290,22,,,,,,,,,,,,,,,,,,,,,,,,,,,,,,,,,,,117,204,18,8231,215,44.25,18,39,7,,,,,,,,,,
DM Jones (AUS),164,161,25,6068,145,44.61,8362,72.56,7,46,6,380+,64+,,,,,,,,,,,,,,,,,,,,,,,,,,,,,,,,,,,,,,,,,,,,,,,,,,,,,
ADR Campbell (ZIM),188,184,14,5185,131,30.5,7834,66.18,7,30,11,427+,44+,,,,,,,,,,,,,,,,,,,,,,,,,,,,,,,,,,,,,,,,,,,,,,,,,,,,,
CL Hooper (WI),227,206,43,5761,113,35.34,7517,76.63,7,29,7,409,65,227,203,9573,6958,193,36.05,4.36,49.6,3,0,,,,,,,,,,,,,,,,,,,,,,,,,102,173,15,5762,233,36.46,13,27,13,,,,,,,,,,
Younis Khan (PAK),265,255,23,7249,144,31.24,9628,75.29,7,48,22,578,56,,,,,,,,,,,,,,,,,,,,,,,,,,,,,,,,,,,118,213,19,10099,313,52.05,34,33,19,,,,,,,,,,
M Azharuddin (INDIA),334,308,54,9378,153,36.92,12669,74.02,7,58,9,622+,77+,,,,,,,,,,,,,,,,,,,,,,,,,,,,,,,,,,,99,147,9,6215,199,45.03,22,21,5,,,,,,,,,,
Fakhar Zaman (PAK),53,53,4,2325,210,47.44,2455,94.7,6,13,5,263,45,,,,,,,,,,,64,58,3,1253,91,22.78,951,131.75,0,7,3,127,43,,,,,,,,,,,,,,,,,,,,,,,,,,,,,,
AD Hales (ENG),70,67,3,2419,171,37.79,2527,95.72,6,14,5,276,50,,,,,,,,,,,60,60,7,1644,116,31.01,1203,136.65,1,8,4,175,55,,,,,,,,,,,,,,,,,,,,,,,,,,,,,,
EC Joyce (ENG/IRE),78,77,8,2622,160,38,3630,72.23,6,15,5,255,25,,,,,,,,,,,,,,,,,,,,,,,,,,,,,,,,,,,,,,,,,,,,,,,,,,,,,
Ahmed Shehzad (PAK),81,81,1,2605,124,32.56,3614,72.08,6,14,7,269,18,,,,,,,,,,,59,59,2,1471,111,25.8,1282,114.74,1,7,2,157,33,,,,,,,,,,,,,,,,,,,,,,,,,,,,,,
VVS Laxman (INDIA),86,83,7,2338,131,30.76,3282,71.23,6,10,3,222,4,,,,,,,,,,,,,,,,,,,,,,,,,,,,,,,,,,,134,225,34,8781,281,45.97,17,56,14,,,,,,,,,,
Mohammad Shahzad (AFG),84,84,3,2727,131,33.66,3082,88.48,6,14,4,323,55,,,,,,,,,,,70,70,3,2015,118,30.07,1508,133.62,1,12,4,225,75,,,,,,,,,,,,,,,,,,,,,,,,,,,,,,
MDKJ Perera (SL),107,102,5,3071,135,31.65,3328,92.27,6,15,10,333,50,,,,,,,,,,,60,59,1,1539,84,26.53,1172,131.31,0,12,1,144,51,,,,,,,,,,,,,,,,,,,,,,,,,,,,,,
AJ Strauss (ENG),127,126,8,4205,158,35.63,5195,80.94,6,27,9,454,25,,,,,,,,,,,,,,,,,,,,,,,,,,,,,,,,,,,100,178,6,7037,177,40.91,21,27,15,,,,,,,,,,
NS Sidhu (INDIA),136,127,8,4413,134,37.08,6329,69.72,6,33,7,335,44,,,,,,,,,,,,,,,,,,,,,,,,,,,,,,,,,,,,,,,,,,,,,,,,,,,,,
A Symonds (AUS),198,161,33,5088,156,39.75,5504,92.44,6,30,15,449,103,,,,,,,,,,,,,,,,,,,,,,,,,,,,,,,,,,,,,,,,,,,,,,,,,,,,,
A Jadeja (INDIA),196,179,36,5359,119,37.47,7678,69.79,6,30,10,366,85,,,,,,,,,,,,,,,,,,,,,,,,,,,,,,,,,,,,,,,,,,,,,,,,,,,,,
MG Bevan (AUS),232,196,67,6912,108,53.58,9320,74.16,6,46,5,450,21,,,,,,,,,,,,,,,,,,,,,,,,,,,,,,,,,,,,,,,,,,,,,,,,,,,,,
GW Flower (ZIM),221,214,18,6571,142,33.52,9723,67.58,6,40,18,557+,37+,,,,,,,,,,,,,,,,,,,,,,,,,,,,,,,,,,,,,,,,,,,,,,,,,,,,,
Shahid Afridi (Asia/ICC/PAK),398,369,27,8064,124,23.57,6892,117,6,39,30,730,351,398,372,17670,13632,395,34.51,4.62,44.7,4,9,,,,,,,,,,,,,,,,,,,,,,,,,,,,,,,,,,,,,,,,,,,
RN ten Doeschate (NED),33,32,9,1541,119,67,1757,87.7,5,9,1,130,29,,,,,,,,,,,,,,,,,,,,,,,,,,,,,,,,,,,,,,,,,,,,,,,,,,,,,
KL Rahul (INDIA),38,37,6,1509,112,48.67,1690,89.28,5,9,2,114,36,,,,,,,,,,,56,52,7,1831,110,40.68,1285,142.49,2,16,4,164,73,,,,,,,,,,,,,,,,,,,,,,,,,,,,,,
SO Hetmyer (WI),47,44,3,1447,139,35.29,1360,106.39,5,4,2,111,52,,,,,,,,,,,,,,,,,,,,,,,,,,,,,,,,,,,,,,,,,,,,,,,,,,,,,
Rahmat Shah (AFG),76,72,3,2467,114,35.75,3493,70.62,5,16,3,215,28,,,,,,,,,,,,,,,,,,,,,,,,,,,,,,,,,,,,,,,,,,,,,,,,,,,,,
AN Cook (ENG),92,92,4,3204,137,36.4,4154,77.13,5,19,7,363,10,,,,,,,,,,,,,,,,,,,,,,,,,,,,,,,,,,,161,291,16,12472,294,45.35,33,57,9,,,,,,,,,,
TWM Latham (NZ),102,94,11,2824,137,34.02,3373,83.72,5,16,7,239,36,,,,,,,,,,,,,,,,,,,,,,,,,,,,,,,,,,,,,,,,,,,,,,,,,,,,,
NV Knight (ENG),100,100,10,3637,125,40.41,5085,71.52,5,25,6,327,21,,,,,,,,,,,,,,,,,,,,,,,,,,,,,,,,,,,,,,,,,,,,,,,,,,,,,
WW Hinds (WI),119,111,10,2880,127,28.51,4393,65.55,5,14,8,261,50,,,,,,,,,,,,,,,,,,,,,,,,,,,,,,,,,,,,,,,,,,,,,,,,,,,,,
GA Hick (ENG),120,118,15,3846,126,37.33,5191,74.08,5,27,10,278,41,,,,,,,,,,,,,,,,,,,,,,,,,,,,,,,,,,,,,,,,,,,,,,,,,,,,,
DA Miller (SA),137,118,35,3367,139,40.56,3339,100.83,5,16,8,247,92,,,,,,,,,,,,,,,,,,,,,,,,,,,,,,,,,,,,,,,,,,,,,,,,,,,,,
Kamran Akmal (PAK),157,138,14,3236,124,26.09,3855,83.94,5,10,10,378,37,,,,,,,,,,,58,53,6,987,73,21,825,119.63,0,5,7,100,31,,,,,,,,,,,,,,,,,,,,,,,,,,,,,,
PV Simmons (WI),143,138,11,3675,122,28.93,5407,67.96,5,18,14,376+,44+,,,,,,,,,,,,,,,,,,,,,,,,,,,,,,,,,,,,,,,,,,,,,,,,,,,,,
Aamer Sohail (PAK),156,155,5,4780,134,31.86,7297,65.5,5,31,10,467+,20+,,,,,,,,,,,,,,,,,,,,,,,,,,,,,,,,,,,,,,,,,,,,,,,,,,,,,
RR Sarwan (WI),181,169,33,5804,120,42.67,7663,75.74,5,38,8,480,58,,,,,,,,,,,,,,,,,,,,,,,,,,,,,,,,,,,87,154,8,5842,291,40.01,15,31,12,,,,,,,,,,
DC Boon (AUS),181,177,16,5964,122,37.04,9157,65.13,5,37,6,494,16,,,,,,,,,,,,,,,,,,,,,,,,,,,,,,,,,,,107,190,20,7422,200,43.65,21,32,16,,,,,,,,,,
PD Collingwood (ENG),197,181,37,5092,120,35.36,6614,76.98,5,26,7,365,74,,,,,,,,,,,,,,,,,,,,,,,,,,,,,,,,,,,,,,,,,,,,,,,,,,,,,
DR Martyn (AUS),208,182,51,5346,144,40.8,6877,77.73,5,37,10,441,22,,,,,,,,,,,,,,,,,,,,,,,,,,,,,,,,,,,,,,,,,,,,,,,,,,,,,
SK Raina (INDIA),226,194,35,5615,116,35.31,6005,93.5,5,36,14,476,120,,,,,,,,,,,78,66,11,1605,101,29.18,1190,134.87,1,5,3,145,58,,,,,,,,,,,,,,,,,,,,,,,,,,,,,,
H Masakadza (ZIM),209,208,4,5658,178,27.73,7728,73.21,5,34,15,585,86,,,,,,,,,,,66,66,2,1662,93,25.96,1418,117.2,0,11,1,151,65,,,,,,,,,,,,,,,,,,,,,,,,,,,,,,
RB Richardson (WI),224,217,30,6248,122,33.41,9801,63.74,5,44,8,541+,54+,,,,,,,,,,,,,,,,,,,,,,,,,,,,,,,,,,,86,146,12,5949,194,44.39,16,27,8,,,,,,,,,,
BB McCullum (NZ),260,228,28,6083,166,30.41,6312,96.37,5,32,20,577,200,,,,,,,,,,,71,70,10,2140,123,35.66,1571,136.21,2,13,3,199,91,,,,,,,,,,,,101,176,9,6453,302,38.64,12,31,14,,,,,,,,,,
Saleem Malik (PAK),283,256,38,7170,102,32.88,9383,76.41,5,47,19,514+,34+,,,,,,,,,,,,,,,,,,,,,,,,,,,,,,,,,,,103,154,22,5768,237,43.69,15,29,12,,,,,,,,,,
M Muralitharan (Asia/ICC/SL),,,,,,,,,,,,,,350,341,18811,12326,534,23.08,3.93,35.2,15,10,,,,,,,,,,,,,,,,,,,,,,,,,,,,,,,,,,,,,,,,,,,
Wasim Akram (PAK),,,,,,,,,,,,,,356,351,18186,11812,502,23.52,3.89,36.2,17,6,,,,,,,,,,,,,,,,,,,,,,,,,,,,,,,,,,104,181,22627,9779,414,23.62,2.59,54.6,25,5
Waqar Younis (PAK),,,,,,,,,,,,,,262,258,12698,9919,416,23.84,4.68,30.5,14,13,,,,,,,,,,,,,,,,,,,,,,,,,,,,,,,,,,87,154,16224,8788,373,23.56,3.25,43.4,22,5
WPUJC Vaas (Asia/SL),,,,,,,,,,,,,,322,320,15775,11014,400,27.53,4.18,39.4,9,4,,,,,,,,,,,,,,,,,,,,,,,,,,,,,,,,,,,,,,,,,,,
SM Pollock (Afr/ICC/SA),,,,,,,,,,,,,,303,297,15712,9631,393,24.5,3.67,39.9,12,5,,,,,,,,,,,,,,,,,,,,,,,,,,,,,,,,,,,,,,,,,,,
GD McGrath (AUS/ICC),,,,,,,,,,,,,,250,248,12970,8391,381,22.02,3.88,34,9,7,,,,,,,,,,,,,,,,,,,,,,,,,,,,,,,,,,,,,,,,,,,
B Lee (AUS),,,,,,,,,,,,,,221,217,11185,8877,380,23.36,4.76,29.4,14,9,,,,,,,,,,,,,,25,25,90.5,0,714,28,25.5,7.86,19.4,0,0,,,,,,,,,,76,150,16531,9554,310,30.81,3.46,53.3,10,0
SL Malinga (SL),,,,,,,,,,,,,,226,220,10936,9760,338,28.87,5.35,32.3,11,8,,,,,,,,,,,,,,84,83,299.5,1,2225,107,20.79,7.42,16.8,1,2,,,,,,,,,,,,,,,,,,,
A Kumble (Asia/INDIA),,,,,,,,,,,,,,271,265,14496,10412,337,30.89,4.3,43,8,2,,,,,,,,,,,,,,,,,,,,,,,,,,,,,,,,,,,,,,,,,,,
J Srinath (INDIA),,,,,,,,,,,,,,229,227,11935,8847,315,28.08,4.44,37.8,7,3,,,,,,,,,,,,,,,,,,,,,,,,,,,,,,,,,,67,121,15104,7196,236,30.49,2.85,64,10,1
DL Vettori (ICC/NZ),,,,,,,,,,,,,,295,277,14060,9674,305,31.71,4.12,46,8,2,,,,,,,,,,,,,,,,,,,,,,,,,,,,,,,,,,113,187,28814,12441,362,34.36,2.59,79.5,20,3
SK Warne (AUS/ICC),,,,,,,,,,,,,,194,191,10642,7541,293,25.73,4.25,36.3,12,1,,,,,,,,,,,,,,,,,,,,,,,,,,,,,,,,,,,,,,,,,,,
Saqlain Mushtaq (PAK),,,,,,,,,,,,,,169,165,8770,6275,288,21.78,4.29,30.4,11,6,,,,,,,,,,,,,,,,,,,,,,,,,,,,,,,,,,49,86,14070,6206,208,29.83,2.64,67.6,13,3
AB Agarkar (INDIA),,,,,,,,,,,,,,191,188,9484,8021,288,27.85,5.07,32.9,10,2,,,,,,,,,,,,,,,,,,,,,,,,,,,,,,,,,,,,,,,,,,,
Z Khan (Asia/INDIA),,,,,,,,,,,,,,200,197,10097,8301,282,29.43,4.93,35.8,7,1,,,,,,,,,,,,,,,,,,,,,,,,,,,,,,,,,,,,,,,,,,,
AA Donald (SA),,,,,,,,,,,,,,164,162,8561,5926,272,21.78,4.15,31.4,11,2,,,,,,,,,,,,,,,,,,,,,,,,,,,,,,,,,,72,129,15519,7344,330,22.25,2.83,47,20,3
Mashrafe Mortaza (Asia/BAN),,,,,,,,,,,,,,220,220,10922,8893,270,32.93,4.88,40.4,7,1,,,,,,,,,,,,,,,,,,,,,,,,,,,,,,,,,,,,,,,,,,,
JM Anderson (ENG),,,,,,,,,,,,,,194,191,9584,7861,269,29.22,4.92,35.6,11,2,,,,,,,,,,,,,,,,,,,,,,,,,,,,,,,,,,167,310,35922,16874,632,26.69,2.81,56.8,31,3
Abdul Razzaq (Asia/PAK),,,,,,,,,,,,,,265,254,10941,8564,269,31.83,4.69,40.6,8,3,,,,,,,,,,,,,,,,,,,,,,,,,,,,,,,,,,,,,,,,,,,
Harbhajan Singh (Asia/INDIA),,,,,,,,,,,,,,236,227,12479,8973,269,33.35,4.31,46.3,2,3,,,,,,,,,,,,,,,,,,,,,,,,,,,,,,,,,,,,,,,,,,,
M Ntini (ICC/SA),,,,,,,,,,,,,,173,171,8687,6559,266,24.65,4.53,32.6,8,4,,,,,,,,,,,,,,,,,,,,,,,,,,,,,,,,,,,,,,,,,,,
N Kapil Dev (INDIA),,,,,,,,,,,,,,225,221,11202,6945,253,27.45,3.71,44.2,3,1,,,,,,,,,,,,,,,,,,,,,,,,,131,184,15,5248,163,31.05,8,27,16,131,227,27740,12867,434,29.64,2.78,63.9,23,2
Shoaib Akhtar (Asia/ICC/PAK),,,,,,,,,,,,,,163,162,7764,6169,247,24.97,4.76,31.4,6,4,,,,,,,,,,,,,,,,,,,,,,,,,,,,,,,,,,,,,,,,,,,
KD Mills (NZ),,,,,,,,,,,,,,170,169,8230,6485,240,27.02,4.72,34.2,8,1,,,,,,,,,,,,,,42,42,149.3,1,1228,43,28.55,8.21,20.8,0,0,,,,,,,,,,,,,,,,,,,
MG Johnson (AUS),,,,,,,,,,,,,,153,150,7489,6038,239,25.26,4.83,31.3,9,3,,,,,,,,,,,,,,30,30,109.2,2,797,38,20.97,7.28,17.2,0,0,,,,,,,,,,73,140,16001,8891,313,28.4,3.33,51.1,12,3
HH Streak (Afr/ZIM),,,,,,,,,,,,,,189,185,9468,7129,239,29.82,4.51,39.6,7,1,,,,,,,,,,,,,,,,,,,,,,,,,,,,,,,,,,,,,,,,,,,
D Gough (ENG/ICC),,,,,,,,,,,,,,159,156,8470,6209,235,26.42,4.39,36,10,2,,,,,,,,,,,,,,,,,,,,,,,,,,,,,,,,,,,,,,,,,,,
CA Walsh (WI),,,,,,,,,,,,,,205,204,10822,6918,227,30.47,3.83,47.6,6,1,,,,,,,,,,,,,,,,,,,,,,,,,,,,,,,,,,132,242,30019,12688,519,24.44,2.53,57.8,22,3
CEL Ambrose (WI),,,,,,,,,,,,,,176,175,9353,5429,225,24.12,3.48,41.5,6,4,,,,,,,,,,,,,,,,,,,,,,,,,,,,,,,,,,98,179,22103,8501,405,20.99,2.3,54.5,22,3
Abdur Razzak (BAN),,,,,,,,,,,,,,153,152,7965,6065,207,29.29,4.56,38.4,5,4,,,,,,,,,,,,,,34,33,121.4,4,838,44,19.04,6.88,16.5,1,0,,,,,,,,,,,,,,,,,,,
CJ McDermott (AUS),,,,,,,,,,,,,,138,138,7461,5018,203,24.71,4.03,36.7,4,1,,,,,,,,,,,,,,,,,,,,,,,,,,,,,,,,,,71,124,16586,8332,291,28.63,3.01,56.9,14,2
CZ Harris (NZ),,,,,,,,,,,,,,250,232,10667,7613,203,37.5,4.28,52.5,2,1,,,,,,,,,,,,,,,,,,,,,,,,,,,,,,,,,,,,,,,,,,,
CL Cairns (ICC/NZ),,,,,,,,,,,,,,215,186,8168,6594,201,32.8,4.84,40.6,3,1,,,,,,,,,,,,,,,,,,,,,,,,,,,,,,,,,,,,,,,,,,,
DJ Bravo (WI),,,,,,,,,,,,,,164,150,6511,5874,199,29.51,5.41,32.7,6,1,91,74,17,1255,66,22.01,1091,115.03,0,4,5,73,55,91,77,250.5,0,2036,78,26.1,8.11,19.2,3,0,,,,,,,,,,,,,,,,,,,
KMDN Kulasekara (SL),,,,,,,,,,,,,,184,181,8263,6751,199,33.92,4.9,41.5,4,1,,,,,,,,,,,,,,58,58,205.1,6,1530,66,23.18,7.45,18.6,2,0,,,,,,,,,,,,,,,,,,,
DW Steyn (Afr/SA),,,,,,,,,,,,,,125,124,6256,5087,196,25.95,4.87,31.9,4,3,,,,,,,,,,,,,,,,,,,,,,,,,,,,,,,,,,,,,,,,,,,
BKV Prasad (INDIA),,,,,,,,,,,,,,161,160,8129,6332,196,32.3,4.67,41.4,3,1,,,,,,,,,,,,,,,,,,,,,,,,,,,,,,,,,,,,,,,,,,,
MA Starc (AUS),,,,,,,,,,,,,,99,99,5099,4379,195,22.45,5.15,26.1,11,8,,,,,,,,,,,,,,48,48,181,1,1361,60,22.68,7.51,18.1,0,0,,,,,,,,,,63,119,12767,7143,258,27.68,3.35,49.4,13,2
SR Waugh (AUS),,,,,,,,,,,,,,325,207,8883,6761,195,34.67,4.56,45.5,3,0,,,,,,,,,,,,,,,,,,,,,,,,,168,260,46,10927,200,51.06,32,50,22,,,,,,,,,,
L Klusener (SA),,,,,,,,,,,,,,171,164,7336,5751,192,29.95,4.7,38.2,1,6,,,,,,,,,,,,,,,,,,,,,,,,,,,,,,,,,,,,,,,,,,,
TG Southee (NZ),,,,,,,,,,,,,,143,141,7195,6558,190,34.51,5.46,37.8,4,3,,,,,,,,,,,,,,92,90,332.5,2,2729,111,24.58,8.19,17.9,1,1,,,,,,,,,,81,152,18394,9080,322,28.19,2.96,57.1,13,1
M Morkel (Afr/SA),,,,,,,,,,,,,,117,114,5760,4761,188,25.32,4.95,30.6,7,2,,,,,,,,,,,,,,,,,,,,,,,,,,,,,,,,,,,,,,,,,,,
RA Jadeja (INDIA),,,,,,,,,,,,,,168,164,8557,7024,188,37.36,4.92,45.5,7,1,,,,,,,,,,,,,,55,54,179.1,4,1253,46,27.23,6.99,23.3,0,0,,,,,,,,,,57,108,14333,5765,232,24.84,2.41,61.7,9,1
CRD Fernando (Asia/SL),,,,,,,,,,,,,,147,141,6507,5648,187,30.2,5.2,34.7,3,1,,,,,,,,,,,,,,,,,,,,,,,,,,,,,,,,,,,,,,,,,,,
Saeed Ajmal (PAK),,,,,,,,,,,,,,113,112,6000,4182,184,22.72,4.18,32.6,6,2,,,,,,,,,,,,,,64,63,238.2,2,1516,85,17.83,6.36,16.8,4,0,,,,,,,,,,,,,,,,,,,
Imran Khan (PAK),,,,,,,,,,,,,,175,153,7461,4844,182,26.61,3.89,40.9,3,1,,,,,,,,,,,,,,,,,,,,,,,,,,,,,,,,,,88,142,19458,8258,362,22.81,2.54,53.7,23,6
Aaqib Javed (PAK),,,,,,,,,,,,,,163,159,8012,5721,182,31.43,4.28,44,2,4,,,,,,,,,,,,,,,,,,,,,,,,,,,,,,,,,,,,,,,,,,,
Umar Gul (PAK),,,,,,,,,,,,,,130,128,6064,5253,179,29.34,5.19,33.8,4,2,,,,,,,,,,,,,,60,60,200.3,2,1443,85,16.97,7.19,14.1,4,2,,,,,,,,,,,,,,,,,,,
SCJ Broad (ENG),,,,,,,,,,,,,,121,121,6109,5364,178,30.13,5.26,34.3,9,1,,,,,,,,,,,,,,56,55,195.3,2,1491,65,22.93,7.62,18,1,0,,,,,,,,,,150,275,29989,14634,525,27.87,2.92,57.1,18,3
NLTC Perera (SL),,,,,,,,,,,,,,166,157,5900,5740,175,32.8,5.83,33.7,5,4,,,,,,,,,,,,,,,,,,,,,,,,,,,,,,,,,,,,,,,,,,,
NW Bracken (AUS),,,,,,,,,,,,,,116,116,5759,4240,174,24.36,4.41,33,5,2,,,,,,,,,,,,,,,,,,,,,,,,,,,,,,,,,,,,,,,,,,,
Imran Tahir (SA),,,,,,,,,,,,,,107,104,5541,4297,173,24.83,4.65,32,7,3,,,,,,,,,,,,,,,,,,,,,,,,,,,,,,,,,,,,,,,,,,,
JDP Oram (NZ),,,,,,,,,,,,,,160,154,6911,5047,173,29.17,4.38,39.9,3,2,,,,,,,,,,,,,,,,,,,,,,,,,,,,,,,,,,,,,,,,,,,
IK Pathan (INDIA),,,,,,,,,,,,,,120,118,5855,5142,173,29.72,5.26,33.8,5,2,,,,,,,,,,,,,,24,23,77,1,618,28,22.07,8.02,16.5,0,0,,,,,,,,,,,,,,,,,,,
A Flintoff (ENG/ICC),,,,,,,,,,,,,,141,119,5624,4121,169,24.38,4.39,33.2,6,2,,,,,,,,,,,,,,,,,,,,,,,,,,,,,,,,,,79,137,14951,7410,226,32.78,2.97,66.1,3,0
TA Boult (NZ),,,,,,,,,,,,,,93,93,5117,4261,169,25.21,4.99,30.2,8,5,,,,,,,,,,,,,,44,44,165.3,1,1345,62,21.69,8.12,16,1,0,,,,,,,,,,73,139,16271,8080,292,27.67,2.97,55.7,8,1
Mushtaq Ahmed (PAK),,,,,,,,,,,,,,144,142,7543,5361,161,33.29,4.26,46.8,3,1,,,,,,,,,,,,,,,,,,,,,,,,,,,,,,,,,,,,,,,,,,,
AU Rashid (ENG),,,,,,,,,,,,,,112,106,5573,5251,159,33.02,5.65,35,7,2,,,,,,,,,,,,,,68,65,233.2,2,1725,74,23.31,7.39,18.9,2,0,,,,,,,,,,,,,,,,,,,
RJ Hadlee (NZ),,,,,,,,,,,,,,115,112,6182,3407,158,21.56,3.3,39.1,1,5,,,,,,,,,,,,,,,,,,,,,,,,,,,,,,,,,,,,,,,,,,,
MD Marshall (WI),,,,,,,,,,,,,,136,134,7175,4233,157,26.96,3.53,45.7,6,0,,,,,,,,,,,,,,,,,,,,,,,,,,,,,,,,,,81,151,17584,7876,376,20.94,2.68,46.7,22,4
M Prabhakar (INDIA),,,,,,,,,,,,,,130,127,6360,4534,157,28.87,4.27,40.5,4,2,,,,,,,,,,,,,,,,,,,,,,,,,,,,,,,,,,,,,,,,,,,
A Nehra (Asia/INDIA),,,,,,,,,,,,,,120,120,5751,4981,157,31.72,5.19,36.6,5,2,,,,,,,,,,,,,,,,,,,,,,,,,,,,,,,,,,,,,,,,,,,
GB Hogg (AUS),,,,,,,,,,,,,,123,113,5564,4188,156,26.84,4.51,35.6,3,2,,,,,,,,,,,,,,,,,,,,,,,,,,,,,,,,,,,,,,,,,,,
CR Woakes (ENG),,,,,,,,,,,,,,106,102,5016,4567,155,29.46,5.46,32.3,10,3,,,,,,,,,,,,,,,,,,,,,,,,,,,,,,,,,,,,,,,,,,,
BAW Mendis (SL),,,,,,,,,,,,,,87,84,4154,3324,152,21.86,4.8,27.3,7,3,,,,,,,,,,,,,,39,39,147.3,5,952,66,14.42,6.45,13.4,3,2,,,,,,,,,,,,,,,,,,,
UDU Chandana (SL),,,,,,,,,,,,,,147,136,6142,4818,151,31.9,4.7,40.6,4,1,,,,,,,,,,,,,,,,,,,,,,,,,,,,,,,,,,,,,,,,,,,
R Ashwin (INDIA),,,,,,,,,,,,,,111,109,6021,4937,150,32.91,4.91,40.1,1,0,,,,,,,,,,,,,,51,51,191,2,1298,61,21.27,6.79,18.7,2,0,,,,,,,,,,81,152,22288,10303,427,24.12,2.77,52.1,30,7
Shoaib Malik (ICC/PAK),,,,,,,,,,,,,,,,,,,,,,,,124,111,33,2435,75,31.21,1938,125.64,0,9,2,196,69,124,49,95,0,675,28,24.1,7.1,20.3,0,0,,,,,,,,,,,,,,,,,,,
EJG Morgan (ENG),,,,,,,,,,,,,,,,,,,,,,,,113,105,21,2428,91,28.9,1764,137.64,0,14,3,184,119,,,,,,,,,,,,,,,,,,,,,,,,,,,,,,
KJ O'Brien (IRE),,,,,,,,,,,,,,,,,,,,,,,,110,103,10,1973,124,21.21,1507,130.92,1,5,12,165,82,110,52,152.5,0,1149,58,19.81,7.51,15.8,1,0,,,,,,,,,,,,,,,,,,,
Mahmudullah (BAN),,,,,,,,,,,,,,,,,,,,,,,,113,105,23,1971,64,24.03,1672,117.88,0,6,4,152,60,113,67,137.3,2,995,36,27.63,7.23,22.9,0,0,,,,,,,,,,,,,,,,,,,
JP Duminy (SA),,,,,,,,,,,,,,,,,,,,,,,,81,75,25,1934,96,38.68,1532,126.24,0,11,6,138,71,,,,,,,,,,,,,,,,,,,,,,,,,,,,,,
CH Gayle (WI),,,,,,,,,,,,,,,,,,,,,,,,79,75,7,1899,117,27.92,1381,137.5,2,14,4,158,124,,,,,,,,,,,,103,182,11,7214,333,42.18,15,37,15,,,,,,,,,,
GJ Maxwell (AUS),,,,,,,,,,,,,,,,,,,,,,,,79,72,12,1844,145,30.73,1184,155.74,3,9,1,153,94,79,53,122,0,911,33,27.6,7.46,22.1,0,0,,,,,,,,,,,,,,,,,,,
DA Miller (SA/World),,,,,,,,,,,,,,,,,,,,,,,,95,83,27,1786,101,31.89,1270,140.62,1,4,0,119,79,,,,,,,,,,,,,,,,,,,,,,,,,,,,,,
Tamim Iqbal (BAN/ICC/World),,,,,,,,,,,,,,,,,,,,,,,,78,78,5,1758,103,24.08,1503,116.96,1,7,6,188,45,,,,,,,,,,,,,,,,,,,,,,,,,,,,,,
C Munro (NZ),,,,,,,,,,,,,,,,,,,,,,,,65,62,7,1724,109,31.34,1102,156.44,3,11,5,132,107,,,,,,,,,,,,,,,,,,,,,,,,,,,,,,
RD Berrington (SCOT),,,,,,,,,,,,,,,,,,,,,,,,74,67,14,1694,100,31.96,1322,128.13,1,7,9,148,54,74,40,85.2,0,647,27,23.96,7.58,18.9,0,0,,,,,,,,,,,,,,,,,,,
Umar Akmal (PAK),,,,,,,,,,,,,,,,,,,,,,,,84,79,14,1690,94,26,1377,122.73,0,8,10,122,55,,,,,,,,,,,,,,,,,,,,,,,,,,,,,,
AB de Villiers (SA),,,,,,,,,,,,,,,,,,,,,,,,78,75,11,1672,79,26.12,1237,135.16,0,10,5,140,60,,,,,,,,,,,,114,191,18,8765,278,50.66,22,46,8,,,,,,,,,,
Mohammad Rizwan (PAK),,,,,,,,,,,,,,,,,,,,,,,,55,44,12,1639,104,51.21,1271,128.95,1,13,3,150,47,,,,,,,,,,,,,,,,,,,,,,,,,,,,,,
MS Dhoni (INDIA),,,,,,,,,,,,,,,,,,,,,,,,98,85,42,1617,56,37.6,1282,126.13,0,2,1,116,52,,,,,,,,,,,,,,,,,,,,,,,,,,,,,,
F du Plessis (SA/World),,,,,,,,,,,,,,,,,,,,,,,,50,50,7,1528,119,35.53,1137,134.38,1,10,0,140,50,,,,,,,,,,,,,,,,,,,,,,,,,,,,,,
LMP Simmons (WI),,,,,,,,,,,,,,,,,,,,,,,,68,67,10,1527,91,26.78,1264,120.8,0,9,6,140,68,,,,,,,,,,,,,,,,,,,,,,,,,,,,,,
Mohammad Nabi (AFG),,,,,,,,,,,,,,,,,,,,,,,,86,80,14,1523,89,23.07,1063,143.27,0,4,4,101,85,86,85,281.4,5,2041,73,27.95,7.24,23.1,3,0,,,,,,,,,,,,,,,,,,,
KJ Coetzer (SCOT),,,,,,,,,,,,,,,,,,,,,,,,70,68,2,1495,89,22.65,1254,119.21,0,6,4,158,48,,,,,,,,,,,,,,,,,,,,,,,,,,,,,,
DPMD Jayawardene (SL),,,,,,,,,,,,,,,,,,,,,,,,55,55,8,1493,100,31.76,1121,133.18,1,9,4,173,33,,,,,,,,,,,,149,252,15,11814,374,49.84,34,50,15,,,,,,,,,,
KA Pollard (WI),,,,,,,,,,,,,,,,,,,,,,,,93,76,16,1468,75,24.46,1083,135.54,0,6,3,86,96,93,57,125.4,0,1062,38,27.94,8.45,19.8,1,0,,,,,,,,,,,,,,,,,,,
E Lewis (WI),,,,,,,,,,,,,,,,,,,,,,,,50,49,3,1423,125,30.93,915,155.51,2,10,4,106,110,,,,,,,,,,,,,,,,,,,,,,,,,,,,,,
Shahid Afridi (ICC/PAK),,,,,,,,,,,,,,,,,,,,,,,,99,91,12,1416,54,17.92,944,150,0,4,8,103,73,99,97,361.2,4,2396,98,24.44,6.63,22.1,3,0,,,,,,,,,,,,,,,,,,,
KC Sangakkara (SL),,,,,,,,,,,,,,,,,,,,,,,,56,53,9,1382,78,31.4,1156,119.55,0,8,2,139,20,,,,,,,,,,,,134,233,17,12400,319,57.4,38,52,11,,,,,,,,,,
Asghar Afghan (AFG),,,,,,,,,,,,,,,,,,,,,,,,75,68,5,1382,62,21.93,1247,110.82,0,4,5,87,69,,,,,,,,,,,,,,,,,,,,,,,,,,,,,,
HM Amla (SA/World),,,,,,,,,,,,,,,,,,,,,,,,44,44,6,1277,97,33.6,967,132.05,0,8,2,146,26,,,,,,,,,,,,,,,,,,,,,,,,,,,,,,
HG Munsey (SCOT),,,,,,,,,,,,,,,,,,,,,,,,51,49,3,1270,127,27.6,868,146.31,1,7,5,150,57,,,,,,,,,,,,,,,,,,,,,,,,,,,,,,
GC Wilson (IRE),,,,,,,,,,,,,,,,,,,,,,,,81,68,8,1268,65,21.13,1212,104.62,0,3,4,108,20,,,,,,,,,,,,,,,,,,,,,,,,,,,,,,
DJ Malan (ENG),,,,,,,,,,,,,,,,,,,,,,,,36,35,5,1239,103,41.3,903,137.2,1,11,0,128,41,,,,,,,,,,,,,,,,,,,,,,,,,,,,,,
BN Cooper (NED),,,,,,,,,,,,,,,,,,,,,,,,58,55,11,1239,91,28.15,993,124.77,0,9,7,118,38,,,,,,,,,,,,,,,,,,,,,,,,,,,,,,
Najibullah Zadran (AFG),,,,,,,,,,,,,,,,,,,,,,,,68,59,22,1232,73,33.29,872,141.28,0,6,2,84,65,,,,,,,,,,,,,,,,,,,,,,,,,,,,,,
NLTC Perera (ICC/SL/World),,,,,,,,,,,,,,,,,,,,,,,,84,74,22,1204,61,23.15,794,151.63,0,3,8,88,64,84,67,183.4,1,1717,51,33.66,9.34,21.6,0,0,,,,,,,,,,,,,,,,,,,
Yuvraj Singh (INDIA),,,,,,,,,,,,,,,,,,,,,,,,58,51,9,1177,77,28.02,863,136.38,0,8,1,77,74,58,31,70.4,0,499,28,17.82,7.06,15.1,0,0,,,,,,,,,,,,,,,,,,,
KP Pietersen (ENG),,,,,,,,,,,,,,,,,,,,,,,,37,36,5,1176,79,37.93,831,141.51,0,7,1,119,32,,,,,,,,,,,,104,181,8,8181,227,47.28,23,35,10,,,,,,,,,,
MP O'Dowd (NED),,,,,,,,,,,,,,,,,,,,,,,,43,42,3,1161,133,29.76,935,124.17,1,8,0,117,27,,,,,,,,,,,,,,,,,,,,,,,,,,,,,,
AD Mathews (SL),,,,,,,,,,,,,,,,,,,,,,,,78,63,18,1148,81,25.51,975,117.74,0,5,1,73,38,78,61,171.3,4,1200,38,31.57,6.99,27,0,0,92,165,23,6338,200,44.63,11,37,2,,,,,,,,,,
Soumya Sarkar (BAN),,,,,,,,,,,,,,,,,,,,,,,,66,66,3,1136,68,18.03,930,122.15,0,5,10,113,43,,,,,,,,,,,,,,,,,,,,,,,,,,,,,,
RR Hendricks (SA),,,,,,,,,,,,,,,,,,,,,,,,40,40,1,1049,74,26.89,863,121.55,0,7,2,120,17,,,,,,,,,,,,,,,,,,,,,,,,,,,,,,
SC Williams (ZIM),,,,,,,,,,,,,,,,,,,,,,,,50,50,6,1034,66,23.5,821,125.94,0,7,4,97,29,50,47,143,0,1038,33,31.45,7.25,26,0,0,,,,,,,,,,,,,,,,,,,
Samiullah Shinwari (AFG),,,,,,,,,,,,,,,,,,,,,,,,64,56,10,1013,61,22.02,858,118.06,0,2,2,76,37,64,38,105.4,0,688,28,24.57,6.51,22.6,1,1,,,,,,,,,,,,,,,,,,,
CL White (AUS),,,,,,,,,,,,,,,,,,,,,,,,47,44,14,984,85,32.8,740,132.97,0,5,3,71,44,,,,,,,,,,,,,,,,,,,,,,,,,,,,,,
GC Smith (SA),,,,,,,,,,,,,,,,,,,,,,,,33,33,2,982,89,31.67,770,127.53,0,5,1,123,26,,,,,,,,,,,,,,,,,,,,,,,,,,,,,,
Shaiman Anwar (UAE),,,,,,,,,,,,,,,,,,,,,,,,32,32,3,971,117,33.48,770,126.1,1,6,1,75,43,,,,,,,,,,,,,,,,,,,,,,,,,,,,,,
ADS Fletcher (WI),,,,,,,,,,,,,,,,,,,,,,,,54,52,7,950,84,21.11,853,111.37,0,6,7,66,51,,,,,,,,,,,,,,,,,,,,,,,,,,,,,,
LD Chandimal (SL),,,,,,,,,,,,,,,,,,,,,,,,61,54,6,950,66,19.79,909,104.51,0,6,0,82,19,,,,,,,,,,,,,,,,,,,,,,,,,,,,,,
Sabbir Rahman (BAN),,,,,,,,,,,,,,,,,,,,,,,,44,43,5,946,80,24.89,783,120.81,0,4,2,89,28,,,,,,,,,,,,,,,,,,,,,,,,,,,,,,
MH Cross (SCOT),,,,,,,,,,,,,,,,,,,,,,,,56,46,7,946,66,24.25,815,116.07,0,5,5,90,25,,,,,,,,,,,,,,,,,,,,,,,,,,,,,,
HE van der Dussen (SA),,,,,,,,,,,,,,,,,,,,,,,,34,31,7,933,94,38.87,713,130.85,0,6,1,55,40,,,,,,,,,,,,,,,,,,,,,,,,,,,,,,
E Chigumbura (ZIM),,,,,,,,,,,,,,,,,,,,,,,,57,56,9,893,54,19,635,140.62,0,3,6,61,53,,,,,,,,,,,,,,,,,,,,,,,,,,,,,,
MR Marsh (AUS),,,,,,,,,,,,,,,,,,,,,,,,36,35,7,885,77,31.6,708,125,0,6,1,70,35,,,,,,,,,,,,,,,,,,,,,,,,,,,,,,
Muhammad Usman (UAE),,,,,,,,,,,,,,,,,,,,,,,,43,40,5,870,89,24.85,749,116.15,0,3,3,72,27,,,,,,,,,,,,,,,,,,,,,,,,,,,,,,
N Pooran (WI),,,,,,,,,,,,,,,,,,,,,,,,49,42,6,845,64,23.47,660,128.03,0,4,2,60,51,,,,,,,,,,,,,,,,,,,,,,,,,,,,,,
Liton Das (BAN),,,,,,,,,,,,,,,,,,,,,,,,46,45,1,844,61,19.18,689,122.49,0,4,4,80,27,,,,,,,,,,,,,,,,,,,,,,,,,,,,,,
CO Obuya (KENYA),,,,,,,,,,,,,,,,,,,,,,,,41,38,7,828,75,26.7,785,105.47,0,4,3,58,23,,,,,,,,,,,,,,,,,,,,,,,,,,,,,,
Sarfaraz Ahmed (PAK),,,,,,,,,,,,,,,,,,,,,,,,61,42,12,818,89,27.26,653,125.26,0,3,2,79,15,,,,,,,,,,,,,,,,,,,,,,,,,,,,,,
Jatinder Singh (OMA),,,,,,,,,,,,,,,,,,,,,,,,31,31,4,810,73,30,687,117.9,0,4,2,83,13,,,,,,,,,,,,,,,,,,,,,,,,,,,,,,
P Khadka (NEPAL),,,,,,,,,,,,,,,,,,,,,,,,33,32,3,799,106,27.55,624,128.04,1,4,3,82,26,,,,,,,,,,,,,,,,,,,,,,,,,,,,,,
W Barresi (NED),,,,,,,,,,,,,,,,,,,,,,,,42,41,6,799,75,22.82,695,114.96,0,4,3,69,21,,,,,,,,,,,,,,,,,,,,,,,,,,,,,,
Mohammad Naim (BAN),,,,,,,,,,,,,,,,,,,,,,,,32,32,1,794,81,25.61,756,105.02,0,4,2,73,17,,,,,,,,,,,,,,,,,,,,,,,,,,,,,,
Misbah-ul-Haq (PAK),,,,,,,,,,,,,,,,,,,,,,,,39,34,13,788,87,37.52,715,110.2,0,3,2,45,26,,,,,,,,,,,,75,132,20,5222,161,46.62,10,39,9,,,,,,,,,,
CR Ervine (ZIM),,,,,,,,,,,,,,,,,,,,,,,,34,33,2,777,68,25.06,740,105,0,4,1,75,19,,,,,,,,,,,,,,,,,,,,,,,,,,,,,,
Rohan Mustafa (UAE),,,,,,,,,,,,,,,,,,,,,,,,46,44,2,766,77,18.23,627,122.16,0,3,6,91,22,46,44,143.5,3,968,49,19.75,6.73,17.6,1,0,,,,,,,,,,,,,,,,,,,
SJ Myburgh (NED),,,,,,,,,,,,,,,,,,,,,,,,35,34,2,763,71,23.84,656,116.31,0,5,6,85,22,,,,,,,,,,,,,,,,,,,,,,,,,,,,,,
LJ Wright (ENG),,,,,,,,,,,,,,,,,,,,,,,,51,45,5,759,99,18.97,554,137,0,4,9,68,31,,,,,,,,,,,,,,,,,,,,,,,,,,,,,,
TP Ura (PNG),,,,,,,,,,,,,,,,,,,,,,,,27,27,5,756,107,34.36,541,139.74,1,5,1,59,35,,,,,,,,,,,,,,,,,,,,,,,,,,,,,,
DJ Hussey (AUS),,,,,,,,,,,,,,,,,,,,,,,,39,36,3,756,88,22.9,623,121.34,0,3,4,41,34,,,,,,,,,,,,,,,,,,,,,,,,,,,,,,
TL Seifert (NZ),,,,,,,,,,,,,,,,,,,,,,,,40,37,5,753,84,23.53,580,129.82,0,5,2,63,37,,,,,,,,,,,,,,,,,,,,,,,,,,,,,,
Rashid Khan (AFG/ICC),,,,,,,,,,,,,,,,,,,,,,,,,,,,,,,,,,,,,56,56,211.2,1,1312,103,12.73,6.2,12.3,4,2,,,,,,,,,,,,,,,,,,,
Mustafizur Rahman (BAN),,,,,,,,,,,,,,,,,,,,,,,,,,,,,,,,,,,,,61,61,219.4,6,1678,86,19.51,7.63,15.3,3,1,,,,,,,,,,,,,,,,,,,
IS Sodhi (NZ),,,,,,,,,,,,,,,,,,,,,,,,,,,,,,,,,,,,,66,64,226.3,0,1824,83,21.97,8.05,16.3,2,0,,,,,,,,,,,,,,,,,,,
CJ Jordan (ENG),,,,,,,,,,,,,,,,,,,,,,,,,,,,,,,,,,,,,71,70,246.5,2,2114,79,26.75,8.56,18.7,2,0,,,,,,,,,,,,,,,,,,,
GH Dockrell (IRE),,,,,,,,,,,,,,,,,,,,,,,,,,,,,,,,,,,,,86,73,230.2,1,1642,76,21.6,7.12,18.1,1,0,,,,,,,,,,,,,,,,,,,
Shadab Khan (PAK),,,,,,,,,,,,,,,,,,,,,,,,,,,,,,,,,,,,,64,60,223.3,3,1591,73,21.79,7.11,18.3,2,0,,,,,,,,,,,,,,,,,,,
JJ Bumrah (INDIA),,,,,,,,,,,,,,,,,,,,,,,,,,,,,,,,,,,,,55,54,197.5,8,1290,66,19.54,6.52,17.9,0,0,,,,,,,,,,,,,,,,,,,
MJ Santner (NZ),,,,,,,,,,,,,,,,,,,,,,,,,,,,,,,,,,,,,62,61,208.2,1,1515,66,22.95,7.27,18.9,2,0,,,,,,,,,,,,,,,,,,,
A Zampa (AUS),,,,,,,,,,,,,,,,,,,,,,,,,,,,,,,,,,,,,57,56,201.5,1,1375,65,21.15,6.81,18.6,0,1,,,,,,,,,,,,,,,,,,,
DW Steyn (SA),,,,,,,,,,,,,,,,,,,,,,,,,,,,,,,,,,,,,47,47,169.1,3,1175,64,18.35,6.94,15.8,2,0,,,,,,,,,,93,171,18608,10077,439,22.95,3.24,42.3,26,5
YS Chahal (INDIA),,,,,,,,,,,,,,,,,,,,,,,,,,,,,,,,,,,,,50,50,195.3,1,1620,64,25.31,8.28,18.3,2,1,,,,,,,,,,,,,,,,,,,
Imran Tahir (SA/World),,,,,,,,,,,,,,,,,,,,,,,,,,,,,,,,,,,,,38,38,140.5,0,948,63,15.04,6.73,13.4,2,2,,,,,,,,,,,,,,,,,,,
SM Sharif (SCOT),,,,,,,,,,,,,,,,,,,,,,,,,,,,,,,,,,,,,53,52,181.1,0,1470,61,24.09,8.11,17.8,2,0,,,,,,,,,,,,,,,,,,,
Hasan Ali (PAK),,,,,,,,,,,,,,,,,,,,,,,,,,,,,,,,,,,,,48,47,163.1,5,1359,60,22.65,8.32,16.3,1,0,,,,,,,,,,,,,,,,,,,
Mohammad Amir (PAK),,,,,,,,,,,,,,,,,,,,,,,,,,,,,,,,,,,,,50,50,179.5,5,1263,59,21.4,7.02,18.2,1,0,,,,,,,,,,,,,,,,,,,
NL McCullum (NZ),,,,,,,,,,,,,,,,,,,,,,,,,,,,,,,,,,,,,63,59,187.1,0,1278,58,22.03,6.82,19.3,2,0,,,,,,,,,,,,,,,,,,,
PM Seelaar (NED),,,,,,,,,,,,,,,,,,,,,,,,,,,,,,,,,,,,,77,64,188.4,4,1290,58,22.24,6.83,19.5,1,0,,,,,,,,,,,,,,,,,,,
T Shamsi (SA),,,,,,,,,,,,,,,,,,,,,,,,,,,,,,,,,,,,,47,47,175,1,1181,57,20.71,6.74,18.4,2,0,,,,,,,,,,,,,,,,,,,
Bilal Khan (OMA),,,,,,,,,,,,,,,,,,,,,,,,,,,,,,,,,,,,,38,37,133.1,4,878,56,15.67,6.59,14.2,3,0,,,,,,,,,,,,,,,,,,,
MRJ Watt (SCOT),,,,,,,,,,,,,,,,,,,,,,,,,,,,,,,,,,,,,47,45,167,2,1164,56,20.78,6.97,17.8,0,1,,,,,,,,,,,,,,,,,,,
S Badree (WI/World),,,,,,,,,,,,,,,,,,,,,,,,,,,,,,,,,,,,,52,52,191,4,1180,56,21.07,6.17,20.4,1,0,,,,,,,,,,,,,,,,,,,
WB Rankin (ENG/IRE),,,,,,,,,,,,,,,,,,,,,,,,,,,,,,,,,,,,,50,49,178,2,1219,55,22.16,6.84,19.4,0,0,,,,,,,,,,,,,,,,,,,
Imad Wasim (PAK),,,,,,,,,,,,,,,,,,,,,,,,,,,,,,,,,,,,,58,57,204,3,1292,55,23.49,6.33,22.2,1,1,,,,,,,,,,,,,,,,,,,
RE van der Merwe (NED/SA),,,,,,,,,,,,,,,,,,,,,,,,,,,,,,,,,,,,,46,44,155.1,1,995,54,18.42,6.41,17.2,1,0,,,,,,,,,,,,,,,,,,,
Sohail Tanvir (PAK),,,,,,,,,,,,,,,,,,,,,,,,,,,,,,,,,,,,,57,57,202.2,3,1454,54,26.92,7.18,22.4,0,0,,,,,,,,,,,,,,,,,,,
B Kumar (INDIA),,,,,,,,,,,,,,,,,,,,,,,,,,,,,,,,,,,,,55,55,194.5,3,1355,53,25.56,6.95,22,1,1,,,,,,,,,,,,,,,,,,,
PWH de Silva (SL),,,,,,,,,,,,,,,,,,,,,,,,,,,,,,,,,,,,,33,31,114.4,0,713,52,13.71,6.21,13.2,1,0,,,,,,,,,,,,,,,,,,,
SP Narine (WI),,,,,,,,,,,,,,,,,,,,,,,,,,,,,,,,,,,,,51,49,183.4,1,1105,52,21.25,6.01,21.1,1,0,,,,,,,,,,,,,,,,,,,
GP Swann (ENG),,,,,,,,,,,,,,,,,,,,,,,,,,,,,,,,,,,,,39,38,135,4,859,51,16.84,6.36,15.8,0,0,,,,,,,,,,60,109,15349,7642,255,29.96,2.98,60.1,17,3
MR Adair (IRE),,,,,,,,,,,,,,,,,,,,,,,,,,,,,,,,,,,,,29,29,105.3,2,727,50,14.54,6.89,12.6,2,0,,,,,,,,,,,,,,,,,,,
SO Ngoche (KENYA),,,,,,,,,,,,,,,,,,,,,,,,,,,,,,,,,,,,,41,40,139,2,903,49,18.42,6.49,17,2,0,,,,,,,,,,,,,,,,,,,
K Rabada (SA),,,,,,,,,,,,,,,,,,,,,,,,,,,,,,,,,,,,,40,40,145.1,0,1245,49,25.4,8.57,17.7,0,0,,,,,,,,,,47,86,8785,4846,213,22.75,3.3,41.2,10,4
PA van Meekeren (NED),,,,,,,,,,,,,,,,,,,,,,,,,,,,,,,,,,,,,46,44,150.1,2,1081,48,22.52,7.19,18.7,2,0,,,,,,,,,,,,,,,,,,,
S Lamichhane (ICC/NEPAL),,,,,,,,,,,,,,,,,,,,,,,,,,,,,,,,,,,,,26,26,95.5,3,658,47,14,6.86,12.2,2,0,,,,,,,,,,,,,,,,,,,
AJ Tye (AUS),,,,,,,,,,,,,,,,,,,,,,,,,,,,,,,,,,,,,32,31,113.5,1,997,47,21.21,8.75,14.5,1,0,,,,,,,,,,,,,,,,,,,
M Morkel (SA/World),,,,,,,,,,,,,,,,,,,,,,,,,,,,,,,,,,,,,44,44,158.4,3,1191,47,25.34,7.5,20.2,2,0,,,,,,,,,,,,,,,,,,,
Aizaz Khan (HKG),,,,,,,,,,,,,,,,,,,,,,,,,,,,,,,,,,,,,39,39,133.2,2,933,46,20.28,6.99,17.3,0,0,,,,,,,,,,,,,,,,,,,
Iqbal Hussain (QAT),,,,,,,,,,,,,,,,,,,,,,,,,,,,,,,,,,,,,26,26,94,0,693,45,15.4,7.37,12.5,2,0,,,,,,,,,,,,,,,,,,,
Shaheen Shah Afridi (PAK),,,,,,,,,,,,,,,,,,,,,,,,,,,,,,,,,,,,,39,39,143.2,2,1122,45,24.93,7.82,19.1,0,0,,,,,,,,,,,,,,,,,,,
JN Frylinck (NAM),,,,,,,,,,,,,,,,,,,,,,,,,,,,,,,,,,,,,27,26,86.4,0,546,44,12.4,6.3,11.8,1,1,,,,,,,,,,,,,,,,,,,
Ahsan Malik (NED),,,,,,,,,,,,,,,,,,,,,,,,,,,,,,,,,,,,,31,29,95.5,1,730,44,16.59,7.61,13,1,1,,,,,,,,,,,,,,,,,,,
Karan KC (NEPAL),,,,,,,,,,,,,,,,,,,,,,,,,,,,,,,,,,,,,33,33,111,2,820,44,18.63,7.38,15.1,2,0,,,,,,,,,,,,,,,,,,,
DJG Sammy (WI/World),,,,,,,,,,,,,,,,,,,,,,,,,,,,,,,,,,,,,68,59,152.4,0,1116,44,25.36,7.31,20.8,1,1,,,,,,,,,,,,,,,,,,,
JW Dernbach (ENG/ITA),,,,,,,,,,,,,,,,,,,,,,,,,,,,,,,,,,,,,40,39,137.4,1,1170,44,26.59,8.49,18.7,1,0,,,,,,,,,,,,,,,,,,,
Al-Amin Hossain (BAN),,,,,,,,,,,,,,,,,,,,,,,,,,,,,,,,,,,,,31,29,102.2,0,730,43,16.97,7.13,14.2,0,0,,,,,,,,,,,,,,,,,,,
Mudassar Bukhari (NED),,,,,,,,,,,,,,,,,,,,,,,,,,,,,,,,,,,,,38,35,117.2,4,780,43,18.13,6.64,16.3,3,0,,,,,,,,,,,,,,,,,,,
AC Agar (AUS),,,,,,,,,,,,,,,,,,,,,,,,,,,,,,,,,,,,,40,40,137.4,1,926,43,21.53,6.72,19.2,0,2,,,,,,,,,,,,,,,,,,,
SS Cottrell (WI),,,,,,,,,,,,,,,,,,,,,,,,,,,,,,,,,,,,,34,33,117.1,2,920,42,21.9,7.85,16.7,1,0,,,,,,,,,,,,,,,,,,,
PJ Cummins (AUS),,,,,,,,,,,,,,,,,,,,,,,,,,,,,,,,,,,,,37,37,134,3,940,42,22.38,7.01,19.1,0,0,,,,,,,,,,,,,,,,,,,
HH Pandya (INDIA),,,,,,,,,,,,,,,,,,,,,,,,,,,,,,,,,,,,,54,47,139.5,1,1151,42,27.4,8.23,19.9,1,0,,,,,,,,,,,,,,,,,,,
Mashrafe Mortaza (BAN),,,,,,,,,,,,,,,,,,,,,,,,,,,,,,,,,,,,,54,53,189.5,1,1527,42,36.35,8.04,27.1,1,0,,,,,,,,,,,,,,,,,,,
Kuldeep Yadav (INDIA),,,,,,,,,,,,,,,,,,,,,,,,,,,,,,,,,,,,,23,22,81.3,1,583,41,14.21,7.15,11.9,1,1,,,,,,,,,,,,,,,,,,,
KOK Williams (WI),,,,,,,,,,,,,,,,,,,,,,,,,,,,,,,,,,,,,26,26,91.5,2,805,41,19.63,8.76,13.4,1,0,,,,,,,,,,,,,,,,,,,
T van der Gugten (NED),,,,,,,,,,,,,,,,,,,,,,,,,,,,,,,,,,,,,40,39,121.5,0,879,41,21.43,7.21,17.8,0,0,,,,,,,,,,,,,,,,,,,
Haris Rauf (PAK),,,,,,,,,,,,,,,,,,,,,,,,,,,,,,,,,,,,,34,32,119.3,0,1009,41,24.6,8.44,17.4,1,0,,,,,,,,,,,,,,,,,,,
WD Parnell (SA),,,,,,,,,,,,,,,,,,,,,,,,,,,,,,,,,,,,,40,39,124.5,3,1038,41,25.31,8.31,18.2,1,0,,,,,,,,,,,,,,,,,,,
DM Nakrani (UGA),,,,,,,,,,,,,,,,,,,,,,,,,,,,,,,,,,,,,26,25,86,3,467,40,11.67,5.43,12.9,0,2,,,,,,,,,,,,,,,,,,,
AL Phehlukwayo (SA),,,,,,,,,,,,,,,,,,,,,,,,,,,,,,,,,,,,,35,32,100.4,0,846,40,21.15,8.4,15.1,1,0,,,,,,,,,,,,,,,,,,,
AC Evans (SCOT),,,,,,,,,,,,,,,,,,,,,,,,,,,,,,,,,,,,,34,32,116,4,892,40,22.3,7.68,17.4,0,1,,,,,,,,,,,,,,,,,,,
Dawlat Zadran (AFG),,,,,,,,,,,,,,,,,,,,,,,,,,,,,,,,,,,,,34,34,123.3,2,980,40,24.5,7.93,18.5,1,0,,,,,,,,,,,,,,,,,,,
AD Russell (WI),,,,,,,,,,,,,,,,,,,,,,,,,,,,,,,,,,,,,67,56,148.3,0,1364,39,34.97,9.18,22.8,0,0,,,,,,,,,,,,,,,,,,,
DL Vettori (NZ),,,,,,,,,,,,,,,,,,,,,,,,,,,,,,,,,,,,,34,34,131.1,1,748,38,19.68,5.7,20.7,1,0,,,,,,,,,,,,,,,,,,,
DJ Willey (ENG),,,,,,,,,,,,,,,,,,,,,,,,,,,,,,,,,,,,,32,32,106.5,0,854,38,22.47,7.99,16.8,1,0,,,,,,,,,,,,,,,,,,,
PVD Chameera (SL),,,,,,,,,,,,,,,,,,,,,,,,,,,,,,,,,,,,,39,39,136.2,0,1075,38,28.28,7.88,21.5,1,0,,,,,,,,,,,,,,,,,,,
Mohammad Naveed (UAE),,,,,,,,,,,,,,,,,,,,,,,,,,,,,,,,,,,,,31,31,114.4,5,729,37,19.7,6.35,18.5,0,0,,,,,,,,,,,,,,,,,,,
J Botha (SA),,,,,,,,,,,,,,,,,,,,,,,,,,,,,,,,,,,,,40,39,129,1,823,37,22.24,6.37,20.9,0,0,,,,,,,,,,,,,,,,,,,
Shapoor Zadran (AFG),,,,,,,,,,,,,,,,,,,,,,,,,,,,,,,,,,,,,36,36,115.5,3,907,37,24.51,7.83,18.7,0,0,,,,,,,,,,,,,,,,,,,
Khawar Ali (OMA),,,,,,,,,,,,,,,,,,,,,,,,,,,,,,,,,,,,,34,32,97,0,634,36,17.61,6.53,16.1,2,0,,,,,,,,,,,,,,,,,,,
JP Faulkner (AUS),,,,,,,,,,,,,,,,,,,,,,,,,,,,,,,,,,,,,24,24,85.5,0,684,36,19,7.96,14.3,0,1,,,,,,,,,,,,,,,,,,,
L Ngidi (SA),,,,,,,,,,,,,,,,,,,,,,,,,,,,,,,,,,,,,23,23,78.5,0,706,36,19.61,8.95,13.1,1,0,,,,,,,,,,,,,,,,,,,
N Vanua (PNG),,,,,,,,,,,,,,,,,,,,,,,,,,,,,,,,,,,,,30,25,81.4,3,505,35,14.42,6.18,14,1,1,,,,,,,,,,,,,,,,,,,
Hamid Hassan (AFG),,,,,,,,,,,,,,,,,,,,,,,,,,,,,,,,,,,,,25,25,90.4,2,580,35,16.57,6.39,15.5,1,0,,,,,,,,,,,,,,,,,,,
AG Cremer (ZIM),,,,,,,,,,,,,,,,,,,,,,,,,,,,,,,,,,,,,29,28,95,1,660,35,18.85,6.94,16.2,0,0,,,,,,,,,,,,,,,,,,,
AR Cusack (IRE),,,,,,,,,,,,,,,,,,,,,,,,,,,,,,,,,,,,,37,33,101,3,714,35,20.4,7.06,17.3,3,0,,,,,,,,,,,,,,,,,,,
Faheem Ashraf (PAK),,,,,,,,,,,,,,,,,,,,,,,,,,,,,,,,,,,,,42,41,119.5,1,903,35,25.8,7.53,20.5,0,0,,,,,,,,,,,,,,,,,,,
CH Morris (SA),,,,,,,,,,,,,,,,,,,,,,,,,,,,,,,,,,,,,23,23,83,3,697,34,20.5,8.39,14.6,1,0,,,,,,,,,,,,,,,,,,,
A Nehra (INDIA),,,,,,,,,,,,,,,,,,,,,,,,,,,,,,,,,,,,,27,27,98,2,758,34,22.29,7.73,17.2,0,0,,,,,,,,,,,,,,,,,,,
JH Davey (SCOT),,,,,,,,,,,,,,,,,,,,,,,,,,,,,,,,,,,,,28,27,98.5,0,791,34,23.26,8,17.4,2,0,,,,,,,,,,,,,,,,,,,
NM Coulter-Nile (AUS),,,,,,,,,,,,,,,,,,,,,,,,,,,,,,,,,,,,,28,27,97,1,802,34,23.58,8.26,17.1,1,0,,,,,,,,,,,,,,,,,,,
TL Chatara (ZIM),,,,,,,,,,,,,,,,,,,,,,,,,,,,,,,,,,,,,30,30,108,1,841,34,24.73,7.78,19,0,0,,,,,,,,,,,,,,,,,,,
Wahab Riaz (PAK),,,,,,,,,,,,,,,,,,,,,,,,,,,,,,,,,,,,,36,35,118.2,2,971,34,28.55,8.2,20.8,0,0,,,,,,,,,,,,,,,,,,,
CA Young (IRE),,,,,,,,,,,,,,,,,,,,,,,,,,,,,,,,,,,,,42,40,131.3,1,1055,34,31.02,8.02,23.2,1,0,,,,,,,,,,,,,,,,,,,
Amjad Javed (UAE),,,,,,,,,,,,,,,,,,,,,,,,,,,,,,,,,,,,,22,22,74.2,1,560,33,16.96,7.53,13.5,0,0,,,,,,,,,,,,,,,,,,,
Zahoor Khan (UAE),,,,,,,,,,,,,,,,,,,,,,,,,,,,,,,,,,,,,26,26,88.3,1,581,33,17.6,6.56,16,1,0,,,,,,,,,,,,,,,,,,,
LM Jongwe (ZIM),,,,,,,,,,,,,,,,,,,,,,,,,,,,,,,,,,,,,22,21,72,0,611,33,18.51,8.48,13,1,0,,,,,,,,,,,,,,,,,,,
D Wiese (NAM/SA),,,,,,,,,,,,,,,,,,,,,,,,,,,,,,,,,,,,,31,31,105.2,0,802,33,24.3,7.61,19.1,0,1,,,,,,,,,,,,,,,,,,,
JE Taylor (WI),,,,,,,,,,,,,,,,,,,,,,,,,,,,,,,,,,,,,30,30,100,2,863,33,26.15,8.63,18.1,0,0,,,,,,,,,,,,,,,,,,,
CB Mpofu (ZIM),,,,,,,,,,,,,,,,,,,,,,,,,,,,,,,,,,,,,32,32,115.4,0,1035,33,31.36,8.94,21,1,0,,,,,,,,,,,,,,,,,,,
Mujeeb Ur Rahman (AFG),,,,,,,,,,,,,,,,,,,,,,,,,,,,,,,,,,,,,22,22,84,0,508,32,15.87,6.04,15.7,1,1,,,,,,,,,,,,,,,,,,,
DT Johnston (IRE),,,,,,,,,,,,,,,,,,,,,,,,,,,,,,,,,,,,,30,28,99,5,636,32,19.87,6.42,18.5,1,0,,,,,,,,,,,,,,,,,,,
JR Hazlewood (AUS),,,,,,,,,,,,,,,,,,,,,,,,,,,,,,,,,,,,,24,24,90.4,2,707,32,22.09,7.79,17,2,0,,,,,,,,,,56,105,12049,5512,215,25.63,2.74,56,9,0
AF Milne (NZ),,,,,,,,,,,,,,,,,,,,,,,,,,,,,,,,,,,,,31,31,108.5,2,854,32,26.68,7.84,20.4,1,0,,,,,,,,,,,,,,,,,,,
BM Scholtz (NAM),,,,,,,,,,,,,,,,,,,,,,,,,,,,,,,,,,,,,27,27,86.4,0,513,31,16.54,5.91,16.7,1,0,,,,,,,,,,,,,,,,,,,
Waseem Abbas (MLT),,,,,,,,,,,,,,,,,,,,,,,,,,,,,,,,,,,,,23,23,80,1,591,31,19.06,7.38,15.4,1,1,,,,,,,,,,,,,,,,,,,
Sompal Kami (NEPAL),,,,,,,,,,,,,,,,,,,,,,,,,,,,,,,,,,,,,33,33,106,2,729,31,23.51,6.87,20.5,0,0,,,,,,,,,,,,,,,,,,,
SN Thakur (INDIA),,,,,,,,,,,,,,,,,,,,,,,,,,,,,,,,,,,,,24,23,80.2,0,739,31,23.83,9.19,15.5,1,0,,,,,,,,,,,,,,,,,,,
R Rampaul (WI),,,,,,,,,,,,,,,,,,,,,,,,,,,,,,,,,,,,,27,27,95.5,1,803,31,25.9,8.37,18.5,0,0,,,,,,,,,,,,,,,,,,,
Mohammad Saifuddin (BAN),,,,,,,,,,,,,,,,,,,,,,,,,,,,,,,,,,,,,29,29,100,0,826,31,26.64,8.26,19.3,1,0,,,,,,,,,,,,,,,,,,,
CR Brathwaite (WI),,,,,,,,,,,,,,,,,,,,,,,,,,,,,,,,,,,,,41,39,118.1,1,1013,31,32.67,8.57,22.8,0,0,,,,,,,,,,,,,,,,,,,
CW Perchard (JER),,,,,,,,,,,,,,,,,,,,,,,,,,,,,,,,,,,,,21,19,68.5,0,380,30,12.66,5.52,13.7,2,1,,,,,,,,,,,,,,,,,,,
BD Glover (NED),,,,,,,,,,,,,,,,,,,,,,,,,,,,,,,,,,,,,21,21,71,0,481,30,16.03,6.77,14.2,2,0,,,,,,,,,,,,,,,,,,,
Amir Hamza (AFG),,,,,,,,,,,,,,,,,,,,,,,,,,,,,,,,,,,,,33,33,111,2,752,30,25.06,6.77,22.2,0,0,,,,,,,,,,,,,,,,,,,
MJ McClenaghan (ICC/NZ),,,,,,,,,,,,,,,,,,,,,,,,,,,,,,,,,,,,,29,29,101.2,2,789,30,26.3,7.78,20.2,0,0,,,,,,,,,,,,,,,,,,,
Karim Janat (AFG),,,,,,,,,,,,,,,,,,,,,,,,,,,,,,,,,,,,,32,31,101.1,0,838,30,27.93,8.28,20.2,0,1,,,,,,,,,,,,,,,,,,,
Ahmed Raza (UAE),,,,,,,,,,,,,,,,,,,,,,,,,,,,,,,,,,,,,45,44,151,2,969,30,32.3,6.41,30.2,0,0,,,,,,,,,,,,,,,,,,,
KW Richardson (AUS),,,,,,,,,,,,,,,,,,,,,,,,,,,,,,,,,,,,,26,26,89,0,705,29,24.31,7.92,18.4,0,0,,,,,,,,,,,,,,,,,,,
Simi Singh (IRE),,,,,,,,,,,,,,,,,,,,,,,,,,,,,,,,,,,,,37,37,110.2,0,835,29,28.79,7.56,22.8,0,0,,,,,,,,,,,,,,,,,,,
TK Curran (ENG),,,,,,,,,,,,,,,,,,,,,,,,,,,,,,,,,,,,,30,29,98,1,907,29,31.27,9.25,20.2,1,0,,,,,,,,,,,,,,,,,,,
D Heyliger (CAN),,,,,,,,,,,,,,,,,,,,,,,,,,,,,,,,,,,,,17,17,59.4,0,394,28,14.07,6.6,12.7,2,1,,,,,,,,,,,,,,,,,,,
DP Nannes (AUS/NED),,,,,,,,,,,,,,,,,,,,,,,,,,,,,,,,,,,,,17,16,61,2,459,28,16.39,7.52,13,1,0,,,,,,,,,,,,,,,,,,,
RM Haq (SCOT),,,,,,,,,,,,,,,,,,,,,,,,,,,,,,,,,,,,,21,20,75,1,472,28,16.85,6.29,16,0,0,,,,,,,,,,,,,,,,,,,
DG Blampied (JER),,,,,,,,,,,,,,,,,,,,,,,,,,,,,,,,,,,,,23,23,77.4,1,498,28,17.78,6.41,16.6,1,0,,,,,,,,,,,,,,,,,,,
SW Tait (AUS),,,,,,,,,,,,,,,,,,,,,,,,,,,,,,,,,,,,,21,21,79.4,2,589,28,21.03,7.39,17,0,0,,,,,,,,,,,,,,,,,,,
Mohammed Nadeem (QAT),,,,,,,,,,,,,,,,,,,,,,,,,,,,,,,,,,,,,26,26,91,0,615,28,21.96,6.75,19.5,1,0,,,,,,,,,,,,,,,,,,,
KM Jarvis (ZIM),,,,,,,,,,,,,,,,,,,,,,,,,,,,,,,,,,,,,22,22,74.4,0,665,28,23.75,8.9,16,0,0,,,,,,,,,,,,,,,,,,,
MM Ali (ENG),,,,,,,,,,,,,,,,,,,,,,,,,,,,,,,,,,,,,44,37,95.1,1,761,28,27.17,7.99,20.3,0,0,,,,,,,,,,,,,,,,,,,
A Dananjaya (SL),,,,,,,,,,,,,,,,,,,,,,,,,,,,,,,,,,,,,31,31,110.5,1,909,28,32.46,8.2,23.7,0,0,,,,,,,,,,,,,,,,,,,
Rubel Hossain (BAN),,,,,,,,,,,,,,,,,,,,,,,,,,,,,,,,,,,,,28,27,96.3,0,912,28,32.57,9.45,20.6,0,0,,,,,,,,,,,,,,,,,,,
HS Baidwan (CAN),,,,,,,,,,,,,,,,,,,,,,,,,,,,,,,,,,,,,17,17,53.5,1,411,27,15.22,7.63,11.9,1,0,,,,,,,,,,,,,,,,,,,
Pavandeep Singh (MAL),,,,,,,,,,,,,,,,,,,,,,,,,,,,,,,,,,,,,22,22,78.1,1,536,27,19.85,6.85,17.3,0,0,,,,,,,,,,,,,,,,,,,
B Stanlake (AUS),,,,,,,,,,,,,,,,,,,,,,,,,,,,,,,,,,,,,19,19,70,2,544,27,20.14,7.77,15.5,1,0,,,,,,,,,,,,,,,,,,,
ST Finn (ENG),,,,,,,,,,,,,,,,,,,,,,,,,,,,,,,,,,,,,21,21,80,0,583,27,21.59,7.28,17.7,0,0,,,,,,,,,,,,,,,,,,,
I Udana (SL),,,,,,,,,,,,,,,,,,,,,,,,,,,,,,,,,,,,,35,32,105.1,1,915,27,33.88,8.7,23.3,0,0,,,,,,,,,,,,,,,,,,,
D Ravu (PNG),,,,,,,,,,,,,,,,,,,,,,,,,,,,,,,,,,,,,20,19,52.1,0,324,26,12.46,6.21,12,1,1,,,,,,,,,,,,,,,,,,,
MC Sorensen (IRE),,,,,,,,,,,,,,,,,,,,,,,,,,,,,,,,,,,,,26,22,65,2,471,26,18.11,7.24,15,0,0,,,,,,,,,,,,,,,,,,,
KJ Abbott (SA),,,,,,,,,,,,,,,,,,,,,,,,,,,,,,,,,,,,,21,21,72.4,0,579,26,22.26,7.96,16.7,0,0,,,,,,,,,,,,,,,,,,,
MA Wood (ENG),,,,,,,,,,,,,,,,,,,,,,,,,,,,,,,,,,,,,19,19,71.3,1,621,26,23.88,8.68,16.5,0,0,,,,,,,,,,,,,,,,,,,
WP Masakadza (ZIM),,,,,,,,,,,,,,,,,,,,,,,,,,,,,,,,,,,,,28,28,90,1,650,26,25,7.22,20.7,1,0,,,,,,,,,,,,,,,,,,,
MA Leask (SCOT),,,,,,,,,,,,,,,,,,,,,,,,,,,,,,,,,,,,,43,32,84.3,0,677,26,26.03,8.01,19.5,0,0,,,,,,,,,,,,,,,,,,,
NN Odhiambo (KENYA),,,,,,,,,,,,,,,,,,,,,,,,,,,,,,,,,,,,,35,31,88.1,1,688,26,26.46,7.8,20.3,0,1,,,,,,,,,,,,,,,,,,,
P Utseya (ZIM),,,,,,,,,,,,,,,,,,,,,,,,,,,,,,,,,,,,,35,35,124.5,2,858,26,33,6.87,28.8,0,0,,,,,,,,,,,,,,,,,,,
JA Morkel (SA),,,,,,,,,,,,,,,,,,,,,,,,,,,,,,,,,,,,,50,46,107.5,2,864,26,33.23,8.01,24.8,0,0,,,,,,,,,,,,,,,,,,,
MA Baig (MWI),,,,,,,,,,,,,,,,,,,,,,,,,,,,,,,,,,,,,13,13,45,1,236,25,9.44,5.24,10.8,1,1,,,,,,,,,,,,,,,,,,,
LH Ferguson (NZ),,,,,,,,,,,,,,,,,,,,,,,,,,,,,,,,,,,,,15,15,54,0,385,25,15.4,7.12,12.9,0,1,,,,,,,,,,,,,,,,,,,
B Regmi (NEPAL),,,,,,,,,,,,,,,,,,,,,,,,,,,,,,,,,,,,,18,18,62.1,0,405,25,16.2,6.51,14.9,1,0,,,,,,,,,,,,,,,,,,,
Aamir Kaleem (OMA),,,,,,,,,,,,,,,,,,,,,,,,,,,,,,,,,,,,,28,23,65,0,462,25,18.48,7.1,15.6,2,1,,,,,,,,,,,,,,,,,,,
E Otieno (KENYA),,,,,,,,,,,,,,,,,,,,,,,,,,,,,,,,,,,,,25,25,74.3,3,525,25,21,7.04,17.8,0,0,,,,,,,,,,,,,,,,,,,
SE Bond (NZ),,,,,,,,,,,,,,,,,,,,,,,,,,,,,,,,,,,,,20,20,77.3,2,543,25,21.72,7,18.6,0,0,,,,,,,,,,,,,,,,,,,
Nadeem Ahmed (HKG),,,,,,,,,,,,,,,,,,,,,,,,,,,,,,,,,,,,,24,24,82.3,3,546,25,21.84,6.61,19.8,1,0,,,,,,,,,,,,,,,,,,,
SMSM Senanayake (SL),,,,,,,,,,,,,,,,,,,,,,,,,,,,,,,,,,,,,24,23,81,0,549,25,21.96,6.77,19.4,1,0,,,,,,,,,,,,,,,,,,,
BE Hendricks (SA),,,,,,,,,,,,,,,,,,,,,,,,,,,,,,,,,,,,,19,19,68.1,0,627,25,25.08,9.19,16.3,1,0,,,,,,,,,,,,,,,,,,,
LE Plunkett (ENG),,,,,,,,,,,,,,,,,,,,,,,,,,,,,,,,,,,,,22,22,79.2,1,627,25,25.08,7.9,19,0,0,,,,,,,,,,,,,,,,,,,
Harbhajan Singh (INDIA),,,,,,,,,,,,,,,,,,,,,,,,,,,,,,,,,,,,,28,27,102,5,633,25,25.32,6.2,24.4,1,0,,,,,,,,,,103,190,28580,13537,417,32.46,2.84,68.5,25,5
B Muzarabani (ZIM),,,,,,,,,,,,,,,,,,,,,,,,,,,,,,,,,,,,,21,21,81.4,0,653,25,26.12,7.99,19.6,0,0,,,,,,,,,,,,,,,,,,,
Mohammad Nawaz (PAK),,,,,,,,,,,,,,,,,,,,,,,,,,,,,,,,,,,,,30,30,97,1,694,25,27.76,7.15,23.2,0,0,,,,,,,,,,,,,,,,,,,
Washington Sundar (INDIA),,,,,,,,,,,,,,,,,,,,,,,,,,,,,,,,,,,,,31,30,103.3,1,750,25,30,7.24,24.8,0,0,,,,,,,,,,,,,,,,,,,
RT Ponting (AUS),,,,,,,,,,,,,,,,,,,,,,,,,,,,,,,,,,,,,,,,,,,,,,,,168,287,29,13378,257,51.85,41,62,17,,,,,,,,,,
JH Kallis (ICC/SA),,,,,,,,,,,,,,,,,,,,,,,,,,,,,,,,,,,,,,,,,,,,,,,,166,280,40,13289,224,55.37,45,58,16,166,272,20232,9535,292,32.65,2.82,69.2,5,0
R Dravid (ICC/INDIA),,,,,,,,,,,,,,,,,,,,,,,,,,,,,,,,,,,,,,,,,,,,,,,,164,286,32,13288,270,52.31,36,63,8,,,,,,,,,,
AR Border (AUS),,,,,,,,,,,,,,,,,,,,,,,,,,,,,,,,,,,,,,,,,,,,,,,,156,265,44,11174,205,50.56,27,63,11,,,,,,,,,,
SM Gavaskar (INDIA),,,,,,,,,,,,,,,,,,,,,,,,,,,,,,,,,,,,,,,,,,,,,,,,125,214,16,10122,236,51.12,34,45,12,,,,,,,,,,
GC Smith (ICC/SA),,,,,,,,,,,,,,,,,,,,,,,,,,,,,,,,,,,,,,,,,,,,,,,,117,205,13,9265,277,48.25,27,38,11,,,,,,,,,,
Inzamam-ul-Haq (ICC/PAK),,,,,,,,,,,,,,,,,,,,,,,,,,,,,,,,,,,,,,,,,,,,,,,,120,200,22,8830,329,49.6,25,46,15,,,,,,,,,,
ML Hayden (AUS),,,,,,,,,,,,,,,,,,,,,,,,,,,,,,,,,,,,,,,,,,,,,,,,103,184,14,8625,380,50.73,30,29,14,,,,,,,,,,
V Sehwag (ICC/INDIA),,,,,,,,,,,,,,,,,,,,,,,,,,,,,,,,,,,,,,,,,,,,,,,,104,180,6,8586,319,49.34,23,32,16,,,,,,,,,,
AJ Stewart (ENG),,,,,,,,,,,,,,,,,,,,,,,,,,,,,,,,,,,,,,,,,,,,,,,,133,235,21,8463,190,39.54,15,45,14,,,,,,,,,,
G Boycott (ENG),,,,,,,,,,,,,,,,,,,,,,,,,,,,,,,,,,,,,,,,,,,,,,,,108,193,23,8114,246,47.72,22,42,10,,,,,,,,,,
GS Sobers (WI),,,,,,,,,,,,,,,,,,,,,,,,,,,,,,,,,,,,,,,,,,,,,,,,93,160,21,8032,365,57.78,26,30,12,93,159,21599,7999,235,34.03,2.22,91.9,6,0
MA Atherton (ENG),,,,,,,,,,,,,,,,,,,,,,,,,,,,,,,,,,,,,,,,,,,,,,,,115,212,7,7728,185,37.69,16,46,20,,,,,,,,,,
IR Bell (ENG),,,,,,,,,,,,,,,,,,,,,,,,,,,,,,,,,,,,,,,,,,,,,,,,118,205,24,7727,235,42.69,22,46,14,,,,,,,,,,
JL Langer (AUS),,,,,,,,,,,,,,,,,,,,,,,,,,,,,,,,,,,,,,,,,,,,,,,,105,182,12,7696,250,45.27,23,30,11,,,,,,,,,,
MC Cowdrey (ENG),,,,,,,,,,,,,,,,,,,,,,,,,,,,,,,,,,,,,,,,,,,,,,,,114,188,15,7624,182,44.06,22,38,9,,,,,,,,,,
Mohammad Yousuf (PAK),,,,,,,,,,,,,,,,,,,,,,,,,,,,,,,,,,,,,,,,,,,,,,,,90,156,12,7530,223,52.29,24,33,11,,,,,,,,,,
MA Taylor (AUS),,,,,,,,,,,,,,,,,,,,,,,,,,,,,,,,,,,,,,,,,,,,,,,,104,186,13,7525,334,43.49,19,40,5,,,,,,,,,,
CH Lloyd (WI),,,,,,,,,,,,,,,,,,,,,,,,,,,,,,,,,,,,,,,,,,,,,,,,110,175,14,7515,242,46.67,19,39,4,,,,,,,,,,
WR Hammond (ENG),,,,,,,,,,,,,,,,,,,,,,,,,,,,,,,,,,,,,,,,,,,,,,,,85,140,16,7249,336,58.45,22,24,4,,,,,,,,,,
SC Ganguly (INDIA),,,,,,,,,,,,,,,,,,,,,,,,,,,,,,,,,,,,,,,,,,,,,,,,113,188,17,7212,239,42.17,16,35,13,,,,,,,,,,
SP Fleming (NZ),,,,,,,,,,,,,,,,,,,,,,,,,,,,,,,,,,,,,,,,,,,,,,,,111,189,10,7172,274,40.06,9,46,16,,,,,,,,,,
GS Chappell (AUS),,,,,,,,,,,,,,,,,,,,,,,,,,,,,,,,,,,,,,,,,,,,,,,,87,151,19,7110,247,53.86,24,31,12,,,,,,,,,,
DG Bradman (AUS),,,,,,,,,,,,,,,,,,,,,,,,,,,,,,,,,,,,,,,,,,,,,,,,52,80,10,6996,334,99.94,29,13,7,,,,,,,,,,
ST Jayasuriya (SL),,,,,,,,,,,,,,,,,,,,,,,,,,,,,,,,,,,,,,,,,,,,,,,,110,188,14,6973,340,40.07,14,31,15,,,,,,,,,,
L Hutton (ENG),,,,,,,,,,,,,,,,,,,,,,,,,,,,,,,,,,,,,,,,,,,,,,,,79,138,15,6971,364,56.67,19,33,5,,,,,,,,,,
DB Vengsarkar (INDIA),,,,,,,,,,,,,,,,,,,,,,,,,,,,,,,,,,,,,,,,,,,,,,,,116,185,22,6868,166,42.13,17,35,15,,,,,,,,,,
KF Barrington (ENG),,,,,,,,,,,,,,,,,,,,,,,,,,,,,,,,,,,,,,,,,,,,,,,,82,131,15,6806,256,58.67,20,35,5,,,,,,,,,,
GP Thorpe (ENG),,,,,,,,,,,,,,,,,,,,,,,,,,,,,,,,,,,,,,,,,,,,,,,,100,179,28,6744,200,44.66,16,39,12,,,,,,,,,,
Azhar Ali (PAK),,,,,,,,,,,,,,,,,,,,,,,,,,,,,,,,,,,,,,,,,,,,,,,,91,169,11,6721,302,42.53,18,34,18,,,,,,,,,,
CA Pujara (INDIA),,,,,,,,,,,,,,,,,,,,,,,,,,,,,,,,,,,,,,,,,,,,,,,,92,156,9,6589,206,44.82,18,31,10,,,,,,,,,,
MEK Hussey (AUS),,,,,,,,,,,,,,,,,,,,,,,,,,,,,,,,,,,,,,,,,,,,,,,,79,137,16,6235,195,51.52,19,29,12,,,,,,,,,,
RB Kanhai (WI),,,,,,,,,,,,,,,,,,,,,,,,,,,,,,,,,,,,,,,,,,,,,,,,79,137,6,6227,256,47.53,15,28,7,,,,,,,,,,
RN Harvey (AUS),,,,,,,,,,,,,,,,,,,,,,,,,,,,,,,,,,,,,,,,,,,,,,,,79,137,10,6149,205,48.41,21,24,7,,,,,,,,,,
GR Viswanath (INDIA),,,,,,,,,,,,,,,,,,,,,,,,,,,,,,,,,,,,,,,,,,,,,,,,91,155,10,6080,222,41.93,14,35,10,,,,,,,,,,
DCS Compton (ENG),,,,,,,,,,,,,,,,,,,,,,,,,,,,,,,,,,,,,,,,,,,,,,,,78,131,15,5807,278,50.06,17,28,10,,,,,,,,,,
N Hussain (ENG),,,,,,,,,,,,,,,,,,,,,,,,,,,,,,,,,,,,,,,,,,,,,,,,96,171,16,5764,207,37.18,14,33,14,,,,,,,,,,
MP Vaughan (ENG),,,,,,,,,,,,,,,,,,,,,,,,,,,,,,,,,,,,,,,,,,,,,,,,82,147,9,5719,197,41.44,18,18,9,,,,,,,,,,
AC Gilchrist (AUS),,,,,,,,,,,,,,,,,,,,,,,,,,,,,,,,,,,,,,,,,,,,,,,,96,137,20,5570,204,47.6,17,26,14,,,,,,,,,,
MV Boucher (ICC/SA),,,,,,,,,,,,,,,,,,,,,,,,,,,,,,,,,,,,,,,,,,,,,,,,147,206,24,5515,125,30.3,5,35,17,,,,,,,,,,
TT Samaraweera (SL),,,,,,,,,,,,,,,,,,,,,,,,,,,,,,,,,,,,,,,,,,,,,,,,81,132,20,5462,231,48.76,14,30,11,,,,,,,,,,
FDM Karunaratne (SL),,,,,,,,,,,,,,,,,,,,,,,,,,,,,,,,,,,,,,,,,,,,,,,,74,143,5,5454,244,39.52,13,27,12,,,,,,,,,,
MD Crowe (NZ),,,,,,,,,,,,,,,,,,,,,,,,,,,,,,,,,,,,,,,,,,,,,,,,77,131,11,5444,299,45.36,17,18,9,,,,,,,,,,
JB Hobbs (ENG),,,,,,,,,,,,,,,,,,,,,,,,,,,,,,,,,,,,,,,,,,,,,,,,61,102,7,5410,211,56.94,15,28,4,,,,,,,,,,
KD Walters (AUS),,,,,,,,,,,,,,,,,,,,,,,,,,,,,,,,,,,,,,,,,,,,,,,,74,125,14,5357,250,48.26,15,33,4,,,,,,,,,,
IM Chappell (AUS),,,,,,,,,,,,,,,,,,,,,,,,,,,,,,,,,,,,,,,,,,,,,,,,75,136,10,5345,196,42.42,14,26,11,,,,,,,,,,
JG Wright (NZ),,,,,,,,,,,,,,,,,,,,,,,,,,,,,,,,,,,,,,,,,,,,,,,,82,148,7,5334,185,37.82,12,23,7,,,,,,,,,,
MJ Slater (AUS),,,,,,,,,,,,,,,,,,,,,,,,,,,,,,,,,,,,,,,,,,,,,,,,74,131,7,5312,219,42.83,14,21,9,,,,,,,,,,
WM Lawry (AUS),,,,,,,,,,,,,,,,,,,,,,,,,,,,,,,,,,,,,,,,,,,,,,,,67,123,12,5234,210,47.15,13,27,6,,,,,,,,,,
IT Botham (ENG),,,,,,,,,,,,,,,,,,,,,,,,,,,,,,,,,,,,,,,,,,,,,,,,102,161,6,5200,208,33.54,14,22,14,102,168,21815,10878,383,28.4,2.99,56.9,27,4
JH Edrich (ENG),,,,,,,,,,,,,,,,,,,,,,,,,,,,,,,,,,,,,,,,,,,,,,,,77,127,9,5138,310,43.54,12,24,6,,,,,,,,,,
A Ranatunga (SL),,,,,,,,,,,,,,,,,,,,,,,,,,,,,,,,,,,,,,,,,,,,,,,,93,155,12,5105,135,35.69,4,38,12,,,,,,,,,,
M Muralitharan (ICC/SL),,,,,,,,,,,,,,,,,,,,,,,,,,,,,,,,,,,,,,,,,,,,,,,,,,,,,,,,,133,230,44039,18180,800,22.72,2.47,55,67,22
SK Warne (AUS),,,,,,,,,,,,,,,,,,,,,,,,,,,,,,,,,,,,,,,,,,,,,,,,,,,,,,,,,145,273,40705,17995,708,25.41,2.65,57.4,37,10
A Kumble (INDIA),,,,,,,,,,,,,,,,,,,,,,,,,,,,,,,,,,,,,,,,,,,,,,,,,,,,,,,,,132,236,40850,18355,619,29.65,2.69,65.9,35,8
GD McGrath (AUS),,,,,,,,,,,,,,,,,,,,,,,,,,,,,,,,,,,,,,,,,,,,,,,,,,,,,,,,,124,243,29248,12186,563,21.64,2.49,51.9,29,3
HMRKB Herath (SL),,,,,,,,,,,,,,,,,,,,,,,,,,,,,,,,,,,,,,,,,,,,,,,,,,,,,,,,,93,170,25993,12157,433,28.07,2.8,60,34,9
Sir RJ Hadlee (NZ),,,,,,,,,,,,,,,,,,,,,,,,,,,,,,,,,,,,,,,,,,,,,,,,,,,,,,,,,86,150,21918,9611,431,22.29,2.63,50.8,36,9
SM Pollock (SA),,,,,,,,,,,,,,,,,,,,,,,,,,,,,,,,,,,,,,,,,,,,,,,,,,,,,,,,,108,202,24353,9733,421,23.11,2.39,57.8,16,1
NM Lyon (AUS),,,,,,,,,,,,,,,,,,,,,,,,,,,,,,,,,,,,,,,,,,,,,,,,,,,,,,,,,102,193,25948,12928,403,32.07,2.98,64.3,18,3
M Ntini (SA),,,,,,,,,,,,,,,,,,,,,,,,,,,,,,,,,,,,,,,,,,,,,,,,,,,,,,,,,101,190,20834,11242,390,28.82,3.23,53.4,18,4
DK Lillee (AUS),,,,,,,,,,,,,,,,,,,,,,,,,,,,,,,,,,,,,,,,,,,,,,,,,,,,,,,,,70,132,18467,8493,355,23.92,2.75,52,23,7
WPUJC Vaas (SL),,,,,,,,,,,,,,,,,,,,,,,,,,,,,,,,,,,,,,,,,,,,,,,,,,,,,,,,,111,194,23438,10501,355,29.58,2.68,66,12,2
RGD Willis (ENG),,,,,,,,,,,,,,,,,,,,,,,,,,,,,,,,,,,,,,,,,,,,,,,,,,,,,,,,,90,165,17357,8190,325,25.2,2.83,53.4,16,0
I Sharma (INDIA),,,,,,,,,,,,,,,,,,,,,,,,,,,,,,,,,,,,,,,,,,,,,,,,,,,,,,,,,105,188,19160,10078,311,32.4,3.15,61.6,11,1
Z Khan (INDIA),,,,,,,,,,,,,,,,,,,,,,,,,,,,,,,,,,,,,,,,,,,,,,,,,,,,,,,,,92,165,18785,10247,311,32.94,3.27,60.4,11,1
M Morkel (SA),,,,,,,,,,,,,,,,,,,,,,,,,,,,,,,,,,,,,,,,,,,,,,,,,,,,,,,,,86,160,16498,8550,309,27.66,3.1,53.3,8,0
LR Gibbs (WI),,,,,,,,,,,,,,,,,,,,,,,,,,,,,,,,,,,,,,,,,,,,,,,,,,,,,,,,,79,148,27115,8989,309,29.09,1.98,87.7,18,2
FS Trueman (ENG),,,,,,,,,,,,,,,,,,,,,,,,,,,,,,,,,,,,,,,,,,,,,,,,,,,,,,,,,67,127,15178,6625,307,21.57,2.61,49.4,17,3
DL Underwood (ENG),,,,,,,,,,,,,,,,,,,,,,,,,,,,,,,,,,,,,,,,,,,,,,,,,,,,,,,,,86,151,21862,7674,297,25.83,2.1,73.6,17,6
BS Bedi (INDIA),,,,,,,,,,,,,,,,,,,,,,,,,,,,,,,,,,,,,,,,,,,,,,,,,,,,,,,,,67,118,21364,7637,266,28.71,2.14,80.3,14,1
Danish Kaneria (PAK),,,,,,,,,,,,,,,,,,,,,,,,,,,,,,,,,,,,,,,,,,,,,,,,,,,,,,,,,61,112,17697,9082,261,34.79,3.07,67.8,15,2
J Garner (WI),,,,,,,,,,,,,,,,,,,,,,,,,,,,,,,,,,,,,,,,,,,,,,,,,,,,,,,,,58,111,13169,5433,259,20.97,2.47,50.8,7,0
JN Gillespie (AUS),,,,,,,,,,,,,,,,,,,,,,,,,,,,,,,,,,,,,,,,,,,,,,,,,,,,,,,,,71,137,14234,6770,259,26.13,2.85,54.9,8,0
JB Statham (ENG),,,,,,,,,,,,,,,,,,,,,,,,,,,,,,,,,,,,,,,,,,,,,,,,,,,,,,,,,70,129,16056,6261,252,24.84,2.33,63.7,9,1
MA Holding (WI),,,,,,,,,,,,,,,,,,,,,,,,,,,,,,,,,,,,,,,,,,,,,,,,,,,,,,,,,60,113,12680,5898,249,23.68,2.79,50.9,13,2
R Benaud (AUS),,,,,,,,,,,,,,,,,,,,,,,,,,,,,,,,,,,,,,,,,,,,,,,,,,,,,,,,,63,116,19108,6704,248,27.03,2.1,77,16,1
MJ Hoggard (ENG),,,,,,,,,,,,,,,,,,,,,,,,,,,,,,,,,,,,,,,,,,,,,,,,,,,,,,,,,67,122,13909,7564,248,30.5,3.26,56,7,1
GD McKenzie (AUS),,,,,,,,,,,,,,,,,,,,,,,,,,,,,,,,,,,,,,,,,,,,,,,,,,,,,,,,,60,113,17681,7328,246,29.78,2.48,71.8,16,3
BS Chandrasekhar (INDIA),,,,,,,,,,,,,,,,,,,,,,,,,,,,,,,,,,,,,,,,,,,,,,,,,,,,,,,,,58,97,15963,7199,242,29.74,2.7,65.9,16,2
AV Bedser (ENG),,,,,,,,,,,,,,,,,,,,,,,,,,,,,,,,,,,,,,,,,,,,,,,,,,,,,,,,,51,92,15918,5876,236,24.89,2.21,67.4,15,5
Abdul Qadir (PAK),,,,,,,,,,,,,,,,,,,,,,,,,,,,,,,,,,,,,,,,,,,,,,,,,,,,,,,,,67,111,17126,7742,236,32.8,2.71,72.5,15,5
Yasir Shah (PAK),,,,,,,,,,,,,,,,,,,,,,,,,,,,,,,,,,,,,,,,,,,,,,,,,,,,,,,,,46,85,13697,7306,235,31.08,3.2,58.2,16,3
AR Caddick (ENG),,,,,,,,,,,,,,,,,,,,,,,,,,,,,,,,,,,,,,,,,,,,,,,,,,,,,,,,,62,105,13558,6999,234,29.91,3.09,57.9,13,1
CS Martin (NZ),,,,,,,,,,,,,,,,,,,,,,,,,,,,,,,,,,,,,,,,,,,,,,,,,,,,,,,,,71,126,14026,7878,233,33.81,3.37,60.1,10,1
KAJ Roach (WI),,,,,,,,,,,,,,,,,,,,,,,,,,,,,,,,,,,,,,,,,,,,,,,,,,,,,,,,,68,122,12302,6289,231,27.22,3.06,53.2,9,1
N Wagner (NZ),,,,,,,,,,,,,,,,,,,,,,,,,,,,,,,,,,,,,,,,,,,,,,,,,,,,,,,,,54,102,11991,6046,229,26.4,3.02,52.3,9,0
D Gough (ENG),,,,,,,,,,,,,,,,,,,,,,,,,,,,,,,,,,,,,,,,,,,,,,,,,,,,,,,,,58,95,11821,6503,229,28.39,3.3,51.6,9,0
RR Lindwall (AUS),,,,,,,,,,,,,,,,,,,,,,,,,,,,,,,,,,,,,,,,,,,,,,,,,,,,,,,,,61,113,13650,5251,228,23.03,2.3,59.8,12,0
SJ Harmison (ENG/ICC),,,,,,,,,,,,,,,,,,,,,,,,,,,,,,,,,,,,,,,,,,,,,,,,,,,,,,,,,63,115,13375,7192,226,31.82,3.22,59.1,8,1
VD Philander (SA),,,,,,,,,,,,,,,,,,,,,,,,,,,,,,,,,,,,,,,,,,,,,,,,,,,,,,,,,64,119,11391,5000,224,22.32,2.63,50.8,13,2
PM Siddle (AUS),,,,,,,,,,,,,,,,,,,,,,,,,,,,,,,,,,,,,,,,,,,,,,,,,,,,,,,,,67,126,13907,6777,221,30.66,2.92,62.9,8,0
CL Cairns (NZ),,,,,,,,,,,,,,,,,,,,,,,,,,,,,,,,,,,,,,,,,,,,,,,,,,,,,,,,,62,104,11698,6410,218,29.4,3.28,53.6,13,1
CV Grimmett (AUS),,,,,,,,,,,,,,,,,,,,,,,,,,,,,,,,,,,,,,,,,,,,,,,,,,,,,,,,,37,67,14513,5231,216,24.21,2.16,67.1,21,7
HH Streak (ZIM),,,,,,,,,,,,,,,,,,,,,,,,,,,,,,,,,,,,,,,,,,,,,,,,,,,,,,,,,65,102,13559,6079,216,28.14,2.69,62.7,7,0
MG Hughes (AUS),,,,,,,,,,,,,,,,,,,,,,,,,,,,,,,,,,,,,,,,,,,,,,,,,,,,,,,,,53,97,12285,6017,212,28.38,2.93,57.9,7,1
SCG MacGill (AUS),,,,,,,,,,,,,,,,,,,,,,,,,,,,,,,,,,,,,,,,,,,,,,,,,,,,,,,,,44,85,11237,6038,208,29.02,3.22,54,12,2
AME Roberts (WI),,,,,,,,,,,,,,,,,,,,,,,,,,,,,,,,,,,,,,,,,,,,,,,,,,,,,,,,,47,90,11135,5174,202,25.61,2.78,55.1,11,2
JA Snow (ENG),,,,,,,,,,,,,,,,,,,,,,,,,,,,,,,,,,,,,,,,,,,,,,,,,,,,,,,,,49,93,12021,5387,202,26.66,2.68,59.5,8,1
JR Thomson (AUS),,,,,,,,,,,,,,,,,,,,,,,,,,,,,,,,,,,,,,,,,,,,,,,,,,,,,,,,,51,90,10535,5601,200,28,3.18,52.6,8,0
