,Player,Mat_x,Inns_x,NO,Runs_x,HS,Ave_x,BF,SR_x,100,50,0,4s,6s,Mat_y,Inns_y,Overs,Mdns,Runs_y,Wkts,Ave_y,Econ,SR_y,4,5
0,MJ Guptill (NZ),112,108,7,3299,105,32.66,2413,136.71,2,20,3,287,165,,,,,,,,,,,
1,V Kohli (INDIA),95,87,25,3227,94*,52.04,2340,137.9,0,29,3,290,91,,,,,,,,,,,
2,RG Sharma (INDIA),119,111,15,3197,118,33.3,2279,140.28,4,26,7,284,150,,,,,,,,,,,
3,Babar Azam (PAK),73,68,10,2620,122,45.17,2029,129.12,1,25,3,272,40,,,,,,,,,,,
4,AJ Finch (AUS),83,83,10,2608,172,35.72,1762,148.01,2,15,7,261,113,,,,,,,,,,,
5,PR Stirling (IRE),92,91,8,2570,115*,30.96,1889,136.05,1,19,9,295,89,,,,,,,,,,,
6,DA Warner (AUS),88,88,10,2554,100*,32.74,1818,140.48,1,21,6,250,99,,,,,,,,,,,
7,Mohammad Hafeez (PAK),119,108,13,2514,99*,26.46,2060,122.03,0,14,7,251,76,119,79,210.1,3,1388,61,22.75,6.6,20.6,1,0
8,Shoaib Malik (ICC/PAK),124,111,33,2435,75,31.21,1938,125.64,0,9,2,196,69,124,49,95,0,675,28,24.1,7.1,20.3,0,0
9,EJG Morgan (ENG),113,105,21,2428,91,28.9,1764,137.64,0,14,3,184,119,,,,,,,,,,,
10,BB McCullum (NZ),71,70,10,2140,123,35.66,1571,136.21,2,13,3,199,91,,,,,,,,,,,
11,JC Buttler (ENG),88,80,18,2140,101*,34.51,1516,141.16,1,15,4,184,90,,,,,,,,,,,
12,KS Williamson (NZ),74,72,10,2021,95,32.59,1630,123.98,0,14,4,202,46,,,,,,,,,,,
13,Mohammad Shahzad (AFG),70,70,3,2015,118*,30.07,1508,133.62,1,12,4,225,75,,,,,,,,,,,
14,KJ O'Brien (IRE),110,103,10,1973,124,21.21,1507,130.92,1,5,12,165,82,110,52,152.5,0,1149,58,19.81,7.51,15.8,1,0
15,Mahmudullah (BAN),113,105,23,1971,64*,24.03,1672,117.88,0,6,4,152,60,113,67,137.3,2,995,36,27.63,7.23,22.9,0,0
16,JP Duminy (SA),81,75,25,1934,96*,38.68,1532,126.24,0,11,6,138,71,,,,,,,,,,,
17,LRPL Taylor (NZ),102,94,21,1909,63,26.15,1560,122.37,0,7,6,121,71,,,,,,,,,,,
18,CH Gayle (WI),79,75,7,1899,117,27.92,1381,137.5,2,14,4,158,124,,,,,,,,,,,
19,Shakib Al Hasan (BAN),94,93,10,1894,84,22.81,1572,120.48,0,9,6,193,38,94,93,347.3,3,2316,117,19.79,6.66,17.8,5,1
20,TM Dilshan (SL),80,79,12,1889,104*,28.19,1567,120.54,1,13,10,223,33,,,,,,,,,,,
21,GJ Maxwell (AUS),79,72,12,1844,145*,30.73,1184,155.74,3,9,1,153,94,79,53,122,0,911,33,27.6,7.46,22.1,0,0
22,KL Rahul (INDIA),56,52,7,1831,110*,40.68,1285,142.49,2,16,4,164,73,,,,,,,,,,,
23,Q de Kock (SA),61,61,7,1827,79*,33.83,1353,135.03,0,11,3,189,65,,,,,,,,,,,
24,DA Miller (SA/World),95,83,27,1786,101*,31.89,1270,140.62,1,4,0,119,79,,,,,,,,,,,
25,S Dhawan (INDIA),68,66,3,1759,92,27.92,1392,126.36,0,11,2,191,50,,,,,,,,,,,
26,Tamim Iqbal (BAN/ICC/World),78,78,5,1758,103*,24.08,1503,116.96,1,7,6,188,45,,,,,,,,,,,
27,C Munro (NZ),65,62,7,1724,109*,31.34,1102,156.44,3,11,5,132,107,,,,,,,,,,,
28,RD Berrington (SCOT),74,67,14,1694,100,31.96,1322,128.13,1,7,9,148,54,74,40,85.2,0,647,27,23.96,7.58,18.9,0,0
29,Umar Akmal (PAK),84,79,14,1690,94,26,1377,122.73,0,8,10,122,55,,,,,,,,,,,
30,AB de Villiers (SA),78,75,11,1672,79*,26.12,1237,135.16,0,10,5,140,60,,,,,,,,,,,
31,H Masakadza (ZIM),66,66,2,1662,93*,25.96,1418,117.2,0,11,1,151,65,,,,,,,,,,,
32,AD Hales (ENG),60,60,7,1644,116*,31.01,1203,136.65,1,8,4,175,55,,,,,,,,,,,
33,Mohammad Rizwan (PAK),55,44,12,1639,104*,51.21,1271,128.95,1,13,3,150,47,,,,,,,,,,,
34,MS Dhoni (INDIA),98,85,42,1617,56,37.6,1282,126.13,0,2,1,116,52,,,,,,,,,,,
35,MN Samuels (WI),67,65,10,1611,89*,29.29,1386,116.23,0,10,0,144,69,,,,,,,,,,,
36,SK Raina (INDIA),78,66,11,1605,101,29.18,1190,134.87,1,5,3,145,58,,,,,,,,,,,
37,MDKJ Perera (SL),60,59,1,1539,84,26.53,1172,131.31,0,12,1,144,51,,,,,,,,,,,
38,F du Plessis (SA/World),50,50,7,1528,119,35.53,1137,134.38,1,10,0,140,50,,,,,,,,,,,
39,LMP Simmons (WI),68,67,10,1527,91*,26.78,1264,120.8,0,9,6,140,68,,,,,,,,,,,
40,Mohammad Nabi (AFG),86,80,14,1523,89,23.07,1063,143.27,0,4,4,101,85,86,85,281.4,5,2041,73,27.95,7.24,23.1,3,0
41,KJ Coetzer (SCOT),70,68,2,1495,89,22.65,1254,119.21,0,6,4,158,48,,,,,,,,,,,
42,DPMD Jayawardene (SL),55,55,8,1493,100,31.76,1121,133.18,1,9,4,173,33,,,,,,,,,,,
43,Ahmed Shehzad (PAK),59,59,2,1471,111*,25.8,1282,114.74,1,7,2,157,33,,,,,,,,,,,
44,KA Pollard (WI),93,76,16,1468,75*,24.46,1083,135.54,0,6,3,86,96,93,57,125.4,0,1062,38,27.94,8.45,19.8,1,0
45,Mushfiqur Rahim (BAN),99,90,16,1465,72*,19.79,1270,115.35,0,6,8,122,37,,,,,,,,,,,
46,SR Watson (AUS),58,56,6,1462,124*,29.24,1006,145.32,1,10,3,115,83,58,49,155,2,1187,48,24.72,7.65,19.3,1,0
47,E Lewis (WI),50,49,3,1423,125*,30.93,915,155.51,2,10,4,106,110,,,,,,,,,,,
48,Shahid Afridi (ICC/PAK),99,91,12,1416,54*,17.92,944,150,0,4,8,103,73,99,97,361.2,4,2396,98,24.44,6.63,22.1,3,0
49,KC Sangakkara (SL),56,53,9,1382,78,31.4,1156,119.55,0,8,2,139,20,,,,,,,,,,,
50,Asghar Afghan (AFG),75,68,5,1382,62,21.93,1247,110.82,0,4,5,87,69,,,,,,,,,,,
51,JJ Roy (ENG),53,53,1,1316,78,25.3,908,144.93,0,7,6,136,59,,,,,,,,,,,
52,HM Amla (SA/World),44,44,6,1277,97*,33.6,967,132.05,0,8,2,146,26,,,,,,,,,,,
53,HG Munsey (SCOT),51,49,3,1270,127*,27.6,868,146.31,1,7,5,150,57,,,,,,,,,,,
54,GC Wilson (IRE),81,68,8,1268,65*,21.13,1212,104.62,0,3,4,108,20,,,,,,,,,,,
55,DJ Bravo (WI),91,74,17,1255,66*,22.01,1091,115.03,0,4,5,73,55,91,77,250.5,0,2036,78,26.1,8.11,19.2,3,0
56,Fakhar Zaman (PAK),64,58,3,1253,91,22.78,951,131.75,0,7,3,127,43,,,,,,,,,,,
57,DJ Malan (ENG),36,35,5,1239,103*,41.3,903,137.2,1,11,0,128,41,,,,,,,,,,,
58,BN Cooper (NED),58,55,11,1239,91*,28.15,993,124.77,0,9,7,118,38,,,,,,,,,,,
59,Najibullah Zadran (AFG),68,59,22,1232,73,33.29,872,141.28,0,6,2,84,65,,,,,,,,,,,
60,NLTC Perera (ICC/SL/World),84,74,22,1204,61,23.15,794,151.63,0,3,8,88,64,84,67,183.4,1,1717,51,33.66,9.34,21.6,0,0
61,JM Bairstow (ENG),63,57,12,1190,86*,26.44,876,135.84,0,7,5,111,49,,,,,,,,,,,
62,A Balbirnie (IRE),57,53,3,1179,83,23.58,951,123.97,0,4,3,134,17,,,,,,,,,,,
63,Yuvraj Singh (INDIA),58,51,9,1177,77*,28.02,863,136.38,0,8,1,77,74,58,31,70.4,0,499,28,17.82,7.06,15.1,0,0
64,KP Pietersen (ENG),37,36,5,1176,79,37.93,831,141.51,0,7,1,119,32,,,,,,,,,,,
65,MP O'Dowd (NED),43,42,3,1161,133*,29.76,935,124.17,1,8,0,117,27,,,,,,,,,,,
66,CS MacLeod (SCOT),60,57,9,1157,74,24.1,1048,110.4,0,7,7,99,22,,,,,,,,,,,
67,AD Mathews (SL),78,63,18,1148,81*,25.51,975,117.74,0,5,1,73,38,78,61,171.3,4,1200,38,31.57,6.99,27,0,0
68,Soumya Sarkar (BAN),66,66,3,1136,68,18.03,930,122.15,0,5,10,113,43,,,,,,,,,,,
69,WTS Porterfield (IRE),61,59,6,1079,72,20.35,971,111.12,0,3,5,120,23,,,,,,,,,,,
70,RR Hendricks (SA),40,40,1,1049,74,26.89,863,121.55,0,7,2,120,17,,,,,,,,,,,
71,SC Williams (ZIM),50,50,6,1034,66,23.5,821,125.94,0,7,4,97,29,50,47,143,0,1038,33,31.45,7.25,26,0,0
72,Samiullah Shinwari (AFG),64,56,10,1013,61,22.02,858,118.06,0,2,2,76,37,64,38,105.4,0,688,28,24.57,6.51,22.6,1,1
73,Kamran Akmal (PAK),58,53,6,987,73,21,825,119.63,0,5,7,100,31,,,,,,,,,,,
74,CL White (AUS),47,44,14,984,85*,32.8,740,132.97,0,5,3,71,44,,,,,,,,,,,
75,GC Smith (SA),33,33,2,982,89*,31.67,770,127.53,0,5,1,123,26,,,,,,,,,,,
76,Shaiman Anwar (UAE),32,32,3,971,117*,33.48,770,126.1,1,6,1,75,43,,,,,,,,,,,
77,ADS Fletcher (WI),54,52,7,950,84*,21.11,853,111.37,0,6,7,66,51,,,,,,,,,,,
78,LD Chandimal (SL),61,54,6,950,66*,19.79,909,104.51,0,6,0,82,19,,,,,,,,,,,
79,Sabbir Rahman (BAN),44,43,5,946,80,24.89,783,120.81,0,4,2,89,28,,,,,,,,,,,
80,MH Cross (SCOT),56,46,7,946,66*,24.25,815,116.07,0,5,5,90,25,,,,,,,,,,,
81,BRM Taylor (ZIM),45,45,6,934,75*,23.94,790,118.22,0,6,5,93,24,,,,,,,,,,,
82,HE van der Dussen (SA),34,31,7,933,94*,38.87,713,130.85,0,6,1,55,40,,,,,,,,,,,
83,G Gambhir (INDIA),37,36,2,932,75,27.41,783,119.02,0,7,2,109,10,,,,,,,,,,,
84,JE Root (ENG),32,30,5,893,90*,35.72,707,126.3,0,5,2,92,16,,,,,,,,,,,
85,E Chigumbura (ZIM),57,56,9,893,54*,19,635,140.62,0,3,6,61,53,,,,,,,,,,,
86,MR Marsh (AUS),36,35,7,885,77*,31.6,708,125,0,6,1,70,35,,,,,,,,,,,
87,Muhammad Usman (UAE),43,40,5,870,89*,24.85,749,116.15,0,3,3,72,27,,,,,,,,,,,
88,SPD Smith (AUS),52,41,9,863,90,26.96,684,126.16,0,4,1,71,21,,,,,,,,,,,
89,N Pooran (WI),49,42,6,845,64,23.47,660,128.03,0,4,2,60,51,,,,,,,,,,,
90,Liton Das (BAN),46,45,1,844,61,19.18,689,122.49,0,4,4,80,27,,,,,,,,,,,
91,CO Obuya (KENYA),41,38,7,828,75*,26.7,785,105.47,0,4,3,58,23,,,,,,,,,,,
92,Sarfaraz Ahmed (PAK),61,42,12,818,89*,27.26,653,125.26,0,3,2,79,15,,,,,,,,,,,
93,Jatinder Singh (OMA),31,31,4,810,73*,30,687,117.9,0,4,2,83,13,,,,,,,,,,,
94,P Khadka (NEPAL),33,32,3,799,106*,27.55,624,128.04,1,4,3,82,26,,,,,,,,,,,
95,W Barresi (NED),42,41,6,799,75*,22.82,695,114.96,0,4,3,69,21,,,,,,,,,,,
96,Mohammad Naim (BAN),32,32,1,794,81,25.61,756,105.02,0,4,2,73,17,,,,,,,,,,,
97,Misbah-ul-Haq (PAK),39,34,13,788,87*,37.52,715,110.2,0,3,2,45,26,,,,,,,,,,,
98,CR Ervine (ZIM),34,33,2,777,68*,25.06,740,105,0,4,1,75,19,,,,,,,,,,,
99,Rohan Mustafa (UAE),46,44,2,766,77,18.23,627,122.16,0,3,6,91,22,46,44,143.5,3,968,49,19.75,6.73,17.6,1,0
100,SJ Myburgh (NED),35,34,2,763,71*,23.84,656,116.31,0,5,6,85,22,,,,,,,,,,,
101,LJ Wright (ENG),51,45,5,759,99*,18.97,554,137,0,4,9,68,31,,,,,,,,,,,
102,TP Ura (PNG),27,27,5,756,107*,34.36,541,139.74,1,5,1,59,35,,,,,,,,,,,
103,DJ Hussey (AUS),39,36,3,756,88*,22.9,623,121.34,0,3,4,41,34,,,,,,,,,,,
104,TL Seifert (NZ),40,37,5,753,84*,23.53,580,129.82,0,5,2,63,37,,,,,,,,,,,
105,TG Southee (NZ),,,,,,,,,,,,,,92,90,332.5,2,2729,111,24.58,8.19,17.9,1,1
106,SL Malinga (SL),,,,,,,,,,,,,,84,83,299.5,1,2225,107,20.79,7.42,16.8,1,2
107,Rashid Khan (AFG/ICC),,,,,,,,,,,,,,56,56,211.2,1,1312,103,12.73,6.2,12.3,4,2
108,Mustafizur Rahman (BAN),,,,,,,,,,,,,,61,61,219.4,6,1678,86,19.51,7.63,15.3,3,1
109,Umar Gul (PAK),,,,,,,,,,,,,,60,60,200.3,2,1443,85,16.97,7.19,14.1,4,2
110,Saeed Ajmal (PAK),,,,,,,,,,,,,,64,63,238.2,2,1516,85,17.83,6.36,16.8,4,0
111,IS Sodhi (NZ),,,,,,,,,,,,,,66,64,226.3,0,1824,83,21.97,8.05,16.3,2,0
112,CJ Jordan (ENG),,,,,,,,,,,,,,71,70,246.5,2,2114,79,26.75,8.56,18.7,2,0
113,GH Dockrell (IRE),,,,,,,,,,,,,,86,73,230.2,1,1642,76,21.6,7.12,18.1,1,0
114,AU Rashid (ENG),,,,,,,,,,,,,,68,65,233.2,2,1725,74,23.31,7.39,18.9,2,0
115,Shadab Khan (PAK),,,,,,,,,,,,,,64,60,223.3,3,1591,73,21.79,7.11,18.3,2,0
116,BAW Mendis (SL),,,,,,,,,,,,,,39,39,147.3,5,952,66,14.42,6.45,13.4,3,2
117,JJ Bumrah (INDIA),,,,,,,,,,,,,,55,54,197.5,8,1290,66,19.54,6.52,17.9,0,0
118,MJ Santner (NZ),,,,,,,,,,,,,,62,61,208.2,1,1515,66,22.95,7.27,18.9,2,0
119,KMDN Kulasekara (SL),,,,,,,,,,,,,,58,58,205.1,6,1530,66,23.18,7.45,18.6,2,0
120,A Zampa (AUS),,,,,,,,,,,,,,57,56,201.5,1,1375,65,21.15,6.81,18.6,0,1
121,SCJ Broad (ENG),,,,,,,,,,,,,,56,55,195.3,2,1491,65,22.93,7.62,18,1,0
122,DW Steyn (SA),,,,,,,,,,,,,,47,47,169.1,3,1175,64,18.35,6.94,15.8,2,0
123,YS Chahal (INDIA),,,,,,,,,,,,,,50,50,195.3,1,1620,64,25.31,8.28,18.3,2,1
124,Imran Tahir (SA/World),,,,,,,,,,,,,,38,38,140.5,0,948,63,15.04,6.73,13.4,2,2
125,TA Boult (NZ),,,,,,,,,,,,,,44,44,165.3,1,1345,62,21.69,8.12,16,1,0
126,R Ashwin (INDIA),,,,,,,,,,,,,,51,51,191,2,1298,61,21.27,6.79,18.7,2,0
127,SM Sharif (SCOT),,,,,,,,,,,,,,53,52,181.1,0,1470,61,24.09,8.11,17.8,2,0
128,Hasan Ali (PAK),,,,,,,,,,,,,,48,47,163.1,5,1359,60,22.65,8.32,16.3,1,0
129,MA Starc (AUS),,,,,,,,,,,,,,48,48,181,1,1361,60,22.68,7.51,18.1,0,0
130,Mohammad Amir (PAK),,,,,,,,,,,,,,50,50,179.5,5,1263,59,21.4,7.02,18.2,1,0
131,NL McCullum (NZ),,,,,,,,,,,,,,63,59,187.1,0,1278,58,22.03,6.82,19.3,2,0
132,PM Seelaar (NED),,,,,,,,,,,,,,77,64,188.4,4,1290,58,22.24,6.83,19.5,1,0
133,T Shamsi (SA),,,,,,,,,,,,,,47,47,175,1,1181,57,20.71,6.74,18.4,2,0
134,Bilal Khan (OMA),,,,,,,,,,,,,,38,37,133.1,4,878,56,15.67,6.59,14.2,3,0
135,MRJ Watt (SCOT),,,,,,,,,,,,,,47,45,167,2,1164,56,20.78,6.97,17.8,0,1
136,S Badree (WI/World),,,,,,,,,,,,,,52,52,191,4,1180,56,21.07,6.17,20.4,1,0
137,WB Rankin (ENG/IRE),,,,,,,,,,,,,,50,49,178,2,1219,55,22.16,6.84,19.4,0,0
138,Imad Wasim (PAK),,,,,,,,,,,,,,58,57,204,3,1292,55,23.49,6.33,22.2,1,1
139,RE van der Merwe (NED/SA),,,,,,,,,,,,,,46,44,155.1,1,995,54,18.42,6.41,17.2,1,0
140,Sohail Tanvir (PAK),,,,,,,,,,,,,,57,57,202.2,3,1454,54,26.92,7.18,22.4,0,0
141,B Kumar (INDIA),,,,,,,,,,,,,,55,55,194.5,3,1355,53,25.56,6.95,22,1,1
142,PWH de Silva (SL),,,,,,,,,,,,,,33,31,114.4,0,713,52,13.71,6.21,13.2,1,0
143,SP Narine (WI),,,,,,,,,,,,,,51,49,183.4,1,1105,52,21.25,6.01,21.1,1,0
144,GP Swann (ENG),,,,,,,,,,,,,,39,38,135,4,859,51,16.84,6.36,15.8,0,0
145,MR Adair (IRE),,,,,,,,,,,,,,29,29,105.3,2,727,50,14.54,6.89,12.6,2,0
146,SO Ngoche (KENYA),,,,,,,,,,,,,,41,40,139,2,903,49,18.42,6.49,17,2,0
147,K Rabada (SA),,,,,,,,,,,,,,40,40,145.1,0,1245,49,25.4,8.57,17.7,0,0
148,PA van Meekeren (NED),,,,,,,,,,,,,,46,44,150.1,2,1081,48,22.52,7.19,18.7,2,0
149,S Lamichhane (ICC/NEPAL),,,,,,,,,,,,,,26,26,95.5,3,658,47,14,6.86,12.2,2,0
150,AJ Tye (AUS),,,,,,,,,,,,,,32,31,113.5,1,997,47,21.21,8.75,14.5,1,0
151,M Morkel (SA/World),,,,,,,,,,,,,,44,44,158.4,3,1191,47,25.34,7.5,20.2,2,0
152,Aizaz Khan (HKG),,,,,,,,,,,,,,39,39,133.2,2,933,46,20.28,6.99,17.3,0,0
153,RA Jadeja (INDIA),,,,,,,,,,,,,,55,54,179.1,4,1253,46,27.23,6.99,23.3,0,0
154,Iqbal Hussain (QAT),,,,,,,,,,,,,,26,26,94,0,693,45,15.4,7.37,12.5,2,0
155,Shaheen Shah Afridi (PAK),,,,,,,,,,,,,,39,39,143.2,2,1122,45,24.93,7.82,19.1,0,0
156,JN Frylinck (NAM),,,,,,,,,,,,,,27,26,86.4,0,546,44,12.4,6.3,11.8,1,1
157,Ahsan Malik (NED),,,,,,,,,,,,,,31,29,95.5,1,730,44,16.59,7.61,13,1,1
158,Karan KC (NEPAL),,,,,,,,,,,,,,33,33,111,2,820,44,18.63,7.38,15.1,2,0
159,Abdur Razzak (BAN),,,,,,,,,,,,,,34,33,121.4,4,838,44,19.04,6.88,16.5,1,0
160,DJG Sammy (WI/World),,,,,,,,,,,,,,68,59,152.4,0,1116,44,25.36,7.31,20.8,1,1
161,JW Dernbach (ENG/ITA),,,,,,,,,,,,,,40,39,137.4,1,1170,44,26.59,8.49,18.7,1,0
162,Al-Amin Hossain (BAN),,,,,,,,,,,,,,31,29,102.2,0,730,43,16.97,7.13,14.2,0,0
163,Mudassar Bukhari (NED),,,,,,,,,,,,,,38,35,117.2,4,780,43,18.13,6.64,16.3,3,0
164,AC Agar (AUS),,,,,,,,,,,,,,40,40,137.4,1,926,43,21.53,6.72,19.2,0,2
165,KD Mills (NZ),,,,,,,,,,,,,,42,42,149.3,1,1228,43,28.55,8.21,20.8,0,0
166,SS Cottrell (WI),,,,,,,,,,,,,,34,33,117.1,2,920,42,21.9,7.85,16.7,1,0
167,PJ Cummins (AUS),,,,,,,,,,,,,,37,37,134,3,940,42,22.38,7.01,19.1,0,0
168,HH Pandya (INDIA),,,,,,,,,,,,,,54,47,139.5,1,1151,42,27.4,8.23,19.9,1,0
169,Mashrafe Mortaza (BAN),,,,,,,,,,,,,,54,53,189.5,1,1527,42,36.35,8.04,27.1,1,0
170,Kuldeep Yadav (INDIA),,,,,,,,,,,,,,23,22,81.3,1,583,41,14.21,7.15,11.9,1,1
171,KOK Williams (WI),,,,,,,,,,,,,,26,26,91.5,2,805,41,19.63,8.76,13.4,1,0
172,T van der Gugten (NED),,,,,,,,,,,,,,40,39,121.5,0,879,41,21.43,7.21,17.8,0,0
173,Haris Rauf (PAK),,,,,,,,,,,,,,34,32,119.3,0,1009,41,24.6,8.44,17.4,1,0
174,WD Parnell (SA),,,,,,,,,,,,,,40,39,124.5,3,1038,41,25.31,8.31,18.2,1,0
175,DM Nakrani (UGA),,,,,,,,,,,,,,26,25,86,3,467,40,11.67,5.43,12.9,0,2
176,AL Phehlukwayo (SA),,,,,,,,,,,,,,35,32,100.4,0,846,40,21.15,8.4,15.1,1,0
177,AC Evans (SCOT),,,,,,,,,,,,,,34,32,116,4,892,40,22.3,7.68,17.4,0,1
178,Dawlat Zadran (AFG),,,,,,,,,,,,,,34,34,123.3,2,980,40,24.5,7.93,18.5,1,0
179,AD Russell (WI),,,,,,,,,,,,,,67,56,148.3,0,1364,39,34.97,9.18,22.8,0,0
180,DL Vettori (NZ),,,,,,,,,,,,,,34,34,131.1,1,748,38,19.68,5.7,20.7,1,0
181,MG Johnson (AUS),,,,,,,,,,,,,,30,30,109.2,2,797,38,20.97,7.28,17.2,0,0
182,DJ Willey (ENG),,,,,,,,,,,,,,32,32,106.5,0,854,38,22.47,7.99,16.8,1,0
183,PVD Chameera (SL),,,,,,,,,,,,,,39,39,136.2,0,1075,38,28.28,7.88,21.5,1,0
184,Mohammad Naveed (UAE),,,,,,,,,,,,,,31,31,114.4,5,729,37,19.7,6.35,18.5,0,0
185,J Botha (SA),,,,,,,,,,,,,,40,39,129,1,823,37,22.24,6.37,20.9,0,0
186,Shapoor Zadran (AFG),,,,,,,,,,,,,,36,36,115.5,3,907,37,24.51,7.83,18.7,0,0
187,Khawar Ali (OMA),,,,,,,,,,,,,,34,32,97,0,634,36,17.61,6.53,16.1,2,0
188,JP Faulkner (AUS),,,,,,,,,,,,,,24,24,85.5,0,684,36,19,7.96,14.3,0,1
189,L Ngidi (SA),,,,,,,,,,,,,,23,23,78.5,0,706,36,19.61,8.95,13.1,1,0
190,N Vanua (PNG),,,,,,,,,,,,,,30,25,81.4,3,505,35,14.42,6.18,14,1,1
191,Hamid Hassan (AFG),,,,,,,,,,,,,,25,25,90.4,2,580,35,16.57,6.39,15.5,1,0
192,AG Cremer (ZIM),,,,,,,,,,,,,,29,28,95,1,660,35,18.85,6.94,16.2,0,0
193,AR Cusack (IRE),,,,,,,,,,,,,,37,33,101,3,714,35,20.4,7.06,17.3,3,0
194,Faheem Ashraf (PAK),,,,,,,,,,,,,,42,41,119.5,1,903,35,25.8,7.53,20.5,0,0
195,CH Morris (SA),,,,,,,,,,,,,,23,23,83,3,697,34,20.5,8.39,14.6,1,0
196,A Nehra (INDIA),,,,,,,,,,,,,,27,27,98,2,758,34,22.29,7.73,17.2,0,0
197,JH Davey (SCOT),,,,,,,,,,,,,,28,27,98.5,0,791,34,23.26,8,17.4,2,0
198,NM Coulter-Nile (AUS),,,,,,,,,,,,,,28,27,97,1,802,34,23.58,8.26,17.1,1,0
199,TL Chatara (ZIM),,,,,,,,,,,,,,30,30,108,1,841,34,24.73,7.78,19,0,0
200,Wahab Riaz (PAK),,,,,,,,,,,,,,36,35,118.2,2,971,34,28.55,8.2,20.8,0,0
201,CA Young (IRE),,,,,,,,,,,,,,42,40,131.3,1,1055,34,31.02,8.02,23.2,1,0
202,Amjad Javed (UAE),,,,,,,,,,,,,,22,22,74.2,1,560,33,16.96,7.53,13.5,0,0
203,Zahoor Khan (UAE),,,,,,,,,,,,,,26,26,88.3,1,581,33,17.6,6.56,16,1,0
204,LM Jongwe (ZIM),,,,,,,,,,,,,,22,21,72,0,611,33,18.51,8.48,13,1,0
205,D Wiese (NAM/SA),,,,,,,,,,,,,,31,31,105.2,0,802,33,24.3,7.61,19.1,0,1
206,JE Taylor (WI),,,,,,,,,,,,,,30,30,100,2,863,33,26.15,8.63,18.1,0,0
207,CB Mpofu (ZIM),,,,,,,,,,,,,,32,32,115.4,0,1035,33,31.36,8.94,21,1,0
208,Mujeeb Ur Rahman (AFG),,,,,,,,,,,,,,22,22,84,0,508,32,15.87,6.04,15.7,1,1
209,DT Johnston (IRE),,,,,,,,,,,,,,30,28,99,5,636,32,19.87,6.42,18.5,1,0
210,JR Hazlewood (AUS),,,,,,,,,,,,,,24,24,90.4,2,707,32,22.09,7.79,17,2,0
211,AF Milne (NZ),,,,,,,,,,,,,,31,31,108.5,2,854,32,26.68,7.84,20.4,1,0
212,BM Scholtz (NAM),,,,,,,,,,,,,,27,27,86.4,0,513,31,16.54,5.91,16.7,1,0
213,Waseem Abbas (MLT),,,,,,,,,,,,,,23,23,80,1,591,31,19.06,7.38,15.4,1,1
214,Sompal Kami (NEPAL),,,,,,,,,,,,,,33,33,106,2,729,31,23.51,6.87,20.5,0,0
215,SN Thakur (INDIA),,,,,,,,,,,,,,24,23,80.2,0,739,31,23.83,9.19,15.5,1,0
216,R Rampaul (WI),,,,,,,,,,,,,,27,27,95.5,1,803,31,25.9,8.37,18.5,0,0
217,Mohammad Saifuddin (BAN),,,,,,,,,,,,,,29,29,100,0,826,31,26.64,8.26,19.3,1,0
218,CR Brathwaite (WI),,,,,,,,,,,,,,41,39,118.1,1,1013,31,32.67,8.57,22.8,0,0
219,CW Perchard (JER),,,,,,,,,,,,,,21,19,68.5,0,380,30,12.66,5.52,13.7,2,1
220,BD Glover (NED),,,,,,,,,,,,,,21,21,71,0,481,30,16.03,6.77,14.2,2,0
221,Amir Hamza (AFG),,,,,,,,,,,,,,33,33,111,2,752,30,25.06,6.77,22.2,0,0
222,MJ McClenaghan (ICC/NZ),,,,,,,,,,,,,,29,29,101.2,2,789,30,26.3,7.78,20.2,0,0
223,Karim Janat (AFG),,,,,,,,,,,,,,32,31,101.1,0,838,30,27.93,8.28,20.2,0,1
224,Ahmed Raza (UAE),,,,,,,,,,,,,,45,44,151,2,969,30,32.3,6.41,30.2,0,0
225,KW Richardson (AUS),,,,,,,,,,,,,,26,26,89,0,705,29,24.31,7.92,18.4,0,0
226,Simi Singh (IRE),,,,,,,,,,,,,,37,37,110.2,0,835,29,28.79,7.56,22.8,0,0
227,TK Curran (ENG),,,,,,,,,,,,,,30,29,98,1,907,29,31.27,9.25,20.2,1,0
228,D Heyliger (CAN),,,,,,,,,,,,,,17,17,59.4,0,394,28,14.07,6.6,12.7,2,1
229,DP Nannes (AUS/NED),,,,,,,,,,,,,,17,16,61,2,459,28,16.39,7.52,13,1,0
230,RM Haq (SCOT),,,,,,,,,,,,,,21,20,75,1,472,28,16.85,6.29,16,0,0
231,DG Blampied (JER),,,,,,,,,,,,,,23,23,77.4,1,498,28,17.78,6.41,16.6,1,0
232,SW Tait (AUS),,,,,,,,,,,,,,21,21,79.4,2,589,28,21.03,7.39,17,0,0
233,Mohammed Nadeem (QAT),,,,,,,,,,,,,,26,26,91,0,615,28,21.96,6.75,19.5,1,0
234,IK Pathan (INDIA),,,,,,,,,,,,,,24,23,77,1,618,28,22.07,8.02,16.5,0,0
235,KM Jarvis (ZIM),,,,,,,,,,,,,,22,22,74.4,0,665,28,23.75,8.9,16,0,0
236,B Lee (AUS),,,,,,,,,,,,,,25,25,90.5,0,714,28,25.5,7.86,19.4,0,0
237,MM Ali (ENG),,,,,,,,,,,,,,44,37,95.1,1,761,28,27.17,7.99,20.3,0,0
238,A Dananjaya (SL),,,,,,,,,,,,,,31,31,110.5,1,909,28,32.46,8.2,23.7,0,0
239,Rubel Hossain (BAN),,,,,,,,,,,,,,28,27,96.3,0,912,28,32.57,9.45,20.6,0,0
240,HS Baidwan (CAN),,,,,,,,,,,,,,17,17,53.5,1,411,27,15.22,7.63,11.9,1,0
241,Pavandeep Singh (MAL),,,,,,,,,,,,,,22,22,78.1,1,536,27,19.85,6.85,17.3,0,0
242,B Stanlake (AUS),,,,,,,,,,,,,,19,19,70,2,544,27,20.14,7.77,15.5,1,0
243,ST Finn (ENG),,,,,,,,,,,,,,21,21,80,0,583,27,21.59,7.28,17.7,0,0
244,I Udana (SL),,,,,,,,,,,,,,35,32,105.1,1,915,27,33.88,8.7,23.3,0,0
245,D Ravu (PNG),,,,,,,,,,,,,,20,19,52.1,0,324,26,12.46,6.21,12,1,1
246,MC Sorensen (IRE),,,,,,,,,,,,,,26,22,65,2,471,26,18.11,7.24,15,0,0
247,KJ Abbott (SA),,,,,,,,,,,,,,21,21,72.4,0,579,26,22.26,7.96,16.7,0,0
248,MA Wood (ENG),,,,,,,,,,,,,,19,19,71.3,1,621,26,23.88,8.68,16.5,0,0
249,WP Masakadza (ZIM),,,,,,,,,,,,,,28,28,90,1,650,26,25,7.22,20.7,1,0
250,MA Leask (SCOT),,,,,,,,,,,,,,43,32,84.3,0,677,26,26.03,8.01,19.5,0,0
251,NN Odhiambo (KENYA),,,,,,,,,,,,,,35,31,88.1,1,688,26,26.46,7.8,20.3,0,1
252,P Utseya (ZIM),,,,,,,,,,,,,,35,35,124.5,2,858,26,33,6.87,28.8,0,0
253,JA Morkel (SA),,,,,,,,,,,,,,50,46,107.5,2,864,26,33.23,8.01,24.8,0,0
254,MA Baig (MWI),,,,,,,,,,,,,,13,13,45,1,236,25,9.44,5.24,10.8,1,1
255,LH Ferguson (NZ),,,,,,,,,,,,,,15,15,54,0,385,25,15.4,7.12,12.9,0,1
256,B Regmi (NEPAL),,,,,,,,,,,,,,18,18,62.1,0,405,25,16.2,6.51,14.9,1,0
257,Aamir Kaleem (OMA),,,,,,,,,,,,,,28,23,65,0,462,25,18.48,7.1,15.6,2,1
258,E Otieno (KENYA),,,,,,,,,,,,,,25,25,74.3,3,525,25,21,7.04,17.8,0,0
259,SE Bond (NZ),,,,,,,,,,,,,,20,20,77.3,2,543,25,21.72,7,18.6,0,0
260,Nadeem Ahmed (HKG),,,,,,,,,,,,,,24,24,82.3,3,546,25,21.84,6.61,19.8,1,0
261,SMSM Senanayake (SL),,,,,,,,,,,,,,24,23,81,0,549,25,21.96,6.77,19.4,1,0
262,BE Hendricks (SA),,,,,,,,,,,,,,19,19,68.1,0,627,25,25.08,9.19,16.3,1,0
263,LE Plunkett (ENG),,,,,,,,,,,,,,22,22,79.2,1,627,25,25.08,7.9,19,0,0
264,Harbhajan Singh (INDIA),,,,,,,,,,,,,,28,27,102,5,633,25,25.32,6.2,24.4,1,0
265,B Muzarabani (ZIM),,,,,,,,,,,,,,21,21,81.4,0,653,25,26.12,7.99,19.6,0,0
266,Mohammad Nawaz (PAK),,,,,,,,,,,,,,30,30,97,1,694,25,27.76,7.15,23.2,0,0
267,Washington Sundar (INDIA),,,,,,,,,,,,,,31,30,103.3,1,750,25,30,7.24,24.8,0,0
